Unique_id,TickerPairA,TickerPairB,TickerPairC,Percentage_profit_without_fees,Percentage_profit_with_fees,Amount_profit_USDT,maxAmount_USDT,Route,Route_Result,Alive_time,Date,Time,Status,Round,Session
79a8b6d634e54b169cd4ea9a3af46f73,BTC-USDT,LBC-BTC,LBC-USDT,0.07%,-0.68%,-0.06574596250788495,9.6430506682125,BitRoute,7.0,0,15/01/2021,01:41:06,Blocked,1,0
bc01e46dabe7429bad7f51edad64bc57,ETH-USDT,DOT-ETH,DOT-USDT,1.61%,0.86%,0.2390435357347205,27.685702828794113,BitRoute,1.0161341870112977,0,15/01/2021,16:23:53,Blocked,32,1
c5c86860f8be435da97b38853f5bc791,BTC-USDT,DOT-BTC,DOT-USDT,1.86%,1.11%,0.3083952339115166,27.78501867237393,BitRoute,1.0185984283449616,0,15/01/2021,16:23:54,Blocked,32,1
28041a4fe8324625bdb6fd251a50ac6d,USDT-USD,CRO-USDT,CRO-USD,0.51%,-0.24%,-0.06180137141103113,25.505941410115035,BitRoute,1.0050757428010288,0,15/01/2021,16:36:02,Blocked,273,1
5ef049be8464458ca84b1fb92d24f730,USDT-USD,XTZ-USDT,XTZ-USD,1.23%,0.48%,0.07309688591661077,15.367018640761962,BitRoute,1.0122520489559108,0,15/01/2021,16:36:03,Blocked,273,1
4bb230dd33c543bfba9ac1e9c35848b2,ETH-USDT,CRO-ETH,CRO-USDT,1.61%,0.86%,0.2393217087839213,27.679565042487702,BitRoute,1.016134269611508,0,15/01/2021,16:36:07,Blocked,274,1
205ffb03d9a3412fa477b269eeb49251,ETH-USDT,CRO-ETH,CRO-USDT,1.08%,0.33%,0.09123754587591218,27.80165914298544,BitRoute,1.0107803985961137,0,15/01/2021,16:36:22,Blocked,278,1
7d78a38ef365484fbe51226d2c9ed139,ETH-USDT,CELO-ETH,CELO-USDT,0.45%,-0.30%,-0.07651401393234561,25.414951247704625,BitRoute,1.0044879956053223,0,15/01/2021,16:45:28,Blocked,459,1
e1d361e7c4824cdf9c07a9102598819f,USDT-EUR,CRO-USDT,CRO-EUR,0.74%,0.10%,0.023310649549407345,24.01393238197928,BitRoute,1.0074347706134723,0,15/01/2021,16:46:30,Blocked,478,1
5aeb797222b5461786200dc8c69756b0,USDT-EUR,CRO-USDT,CRO-EUR,0.74%,0.10%,0.02358368432343369,24.014071558949148,BitRoute,1.0074436677798724,0-4,15/01/2021,16:46:45,Blocked,482,1
8e3521ab3aab41c08dd990cfcab79832,BTC-USDT,DOT-BTC,DOT-USDT,0.46%,-0.29%,-0.0803584594370639,27.636192695953145,BitRoute,1.0045908303598066,0,15/01/2021,16:47:00,Blocked,487,1
0764b172a98f4965b7b448f068c9d928,USDT-USD,CRO-USDT,CRO-USD,0.50%,-0.25%,-0.06384067504561189,25.700017835101253,BitRoute,1.005015701809318,0,15/01/2021,16:47:16,Blocked,491,1
43d08e78499e4aeaa603d2ebcc7222e0,USDT-EUR,CRO-USDT,CRO-EUR,0.74%,0.10%,0.02350858289258337,23.94181819547892,BitRoute,1.0074464481766008,0,15/01/2021,16:47:17,Blocked,491,1
6e7dde3e140c48e9a6bf79f19ed4f932,USDT-EUR,CRO-USDT,CRO-EUR,0.66%,-0.00%,-0.0002912549860273061,23.95421854678717,BitRoute,1.0066248273123444,0,15/01/2021,16:47:29,Blocked,494,1
8551740c3b064a3ea0f8e9f06f4e9e16,BTC-USDT,DFI-BTC,DFI-USDT,0.46%,-0.29%,-0.08019523585557989,27.85432445,BitRoute,1.0046209053674862,0,15/01/2021,16:47:30,Blocked,494,1
e011b1cf676e4a3bb05b3dee8f10fdf4,USDT-EUR,CRO-USDT,CRO-EUR,0.67%,0.01%,0.0012256905645419425,23.95573919831397,BitRoute,1.0066780320616486,0,15/01/2021,16:47:50,Blocked,499,1
18734019e0cc4ef1b4719e9665c97c27,USDT-EUR,CRO-USDT,CRO-EUR,0.57%,-0.11%,-0.02682704758058535,23.956198737521163,BitRoute,1.00570799925402,0,15/01/2021,16:48:03,Blocked,503,1
c1f9e5cc84134aa5be4ff24cb2fd8be8,USDT-USD,CRO-USDT,CRO-USD,1.21%,0.46%,0.11840005851462815,25.618709641256924,BitRoute,1.0121163215097997,0,15/01/2021,16:49:02,Blocked,522,1
b7b177e4c53b47a4957488f19967d09d,USDT-USD,CRO-USDT,CRO-USD,2.07%,1.32%,0.3394671122202261,25.665878896153174,BitRoute,1.0207161689701651,0-4,15/01/2021,16:50:00,Blocked,539,1
3aceaa765f0244f29b7276e46d1bf07d,USDT-USD,CRO-USDT,CRO-USD,1.11%,0.36%,0.0924752343815417,25.70330629060533,BitRoute,1.0110977952927924,0,15/01/2021,16:51:05,Blocked,555,1
1de7f59d919d4b19911a41ef68821986,USDT-USD,CRO-USDT,CRO-USD,0.95%,0.20%,0.05016994211701528,25.703739122309297,BitRoute,1.0094519235527724,0,15/01/2021,16:51:19,Blocked,558,1
c94fa34adee143a887925fb3e2af04a9,BTC-USDT,ETC-BTC,ETC-USDT,1.27%,0.53%,0.06284539991399495,11.969999988610635,BitRoute,1.012735473519064,0-5,15/01/2021,17:07:19,Blocked,866,1
19949b681bd74cad9435f71589bd40a8,BTC-USDT,CRO-BTC,CRO-USDT,0.66%,-0.09%,-0.02371565473033044,27.791020686342613,BitRoute,1.0066466432630168,0,15/01/2021,17:07:54,Blocked,877,1
847d980e54ad43cf9c08ff1521c8f051,BTC-USDT,ETC-BTC,ETC-USDT,0.44%,-0.31%,-0.03713976952164296,11.969999988610635,BitRoute,1.004395573107917,0-5,15/01/2021,17:08:28,Blocked,885,1
dac438be0f3a41c5970bcefb63887e1c,ETH-USDT,WAXP-ETH,WAXP-USDT,0.66%,-0.09%,-0.008596862521970686,9.219207876862713,BitRoute,1.0065657933126917,0,15/01/2021,17:13:10,Blocked,31,2
d6492ed7cabf43429727a016ec8cfe22,ETH-USDT,CRO-ETH,CRO-USDT,0.43%,-0.32%,-0.08838819259114791,27.809201747816488,BitRoute,1.0043231043013567,0,15/01/2021,17:13:21,Blocked,34,2
28467ac5145341538d8ebd371d07f8f6,ETH-USDT,WAXP-ETH,WAXP-USDT,0.52%,-0.23%,-0.02091097971175292,9.219207876862713,BitRoute,1.0052340279595806,0-5,15/01/2021,17:13:22,Blocked,34,2
7376896529774d88a8b991c2c71a5eb9,BTC-USDT,CRO-BTC,CRO-USDT,0.83%,0.08%,0.021149228084310384,27.85432445,BitRoute,1.008261737737681,0,15/01/2021,17:13:23,Blocked,34,2
20f74508a376421f9520b6adcef182ff,ETH-USDT,WAXP-ETH,WAXP-USDT,0.53%,-0.22%,-0.02005345497848072,9.219207876862713,BitRoute,1.0053156479708518,0-4,15/01/2021,17:13:40,Blocked,39,2
356542f8943849a3a49451194d494118,BTC-USDT,CRO-BTC,CRO-USDT,0.63%,-0.12%,-0.022138077365568262,19.101367104239028,BitRoute,1.0063386829130536,0,15/01/2021,17:14:07,Blocked,47,2
a4d1ad8d6ed041b982a03480e463fbef,BTC-USDT,ECELL-BTC,ECELL-USDT,3.48%,2.74%,0.38166413362387264,13.947993915899165,BitRoute,1.0348158739180342,0,15/01/2021,17:18:48,Blocked,142,2
cb74bd3212664a10bd1f2affe2d31888,ETH-USDT,CRO-ETH,CRO-USDT,0.47%,-0.28%,-0.07709901824764502,27.563821981056037,BitRoute,1.0046955866383347,0,15/01/2021,17:19:09,Blocked,149,2
a2526aeef3534d158c5fadab8c9d2e33,BTC-USDT,ECELL-BTC,ECELL-USDT,1.43%,0.68%,0.0950998256333258,13.947993915899165,BitRoute,1.0142972316741226,0,15/01/2021,17:20:06,Blocked,169,2
5f3644b2573743ff87cc1127318faa96,BTC-USDT,CRO-BTC,CRO-USDT,0.50%,-0.25%,-0.0684651461743909,27.60081942089177,BitRoute,1.0050181191090493,0,15/01/2021,17:21:44,Blocked,202,2
fd2315b77eed4972aceee614a3364526,BTC-USDT,ECELL-BTC,ECELL-USDT,1.53%,0.78%,0.10926189461843194,13.947993915899165,BitRoute,1.0153323370602678,0,15/01/2021,17:33:17,Blocked,428,2
18c4630e94874506a9ba98b1f3d21dd7,BTC-USDT,CRO-BTC,CRO-USDT,0.57%,-0.18%,-0.029664851177614582,16.372360596360387,BitRoute,1.0056868272503134,0,15/01/2021,17:37:13,Blocked,493,2
aa23b4e638834667b4db6bb3f16016c9,USDT-EUR,CRO-USDT,CRO-EUR,0.61%,-0.06%,-0.010764644447136151,18.135137749816717,BitRoute,1.0061384585562616,0,15/01/2021,17:40:02,Blocked,544,2
bbc11fde1fa34a819416abcf95e717d7,USDT-EUR,CRO-USDT,CRO-EUR,0.80%,0.17%,0.030706896826063423,18.135137749816717,BitRoute,1.0080235039376575,0,15/01/2021,17:40:08,Blocked,546,2
80d344cf560d44b781e000e19c068598,USDT-EUR,CRO-USDT,CRO-EUR,0.73%,0.09%,0.015836475109908987,18.135137749816717,BitRoute,1.0073492549682654,0,15/01/2021,17:40:15,Blocked,548,2
199c480ced554de4afa94736bc2442e4,BTC-USDT,CRO-BTC,CRO-USDT,0.45%,-0.30%,-0.0839036472333458,27.775660822043108,BitRoute,1.0044813850719203,0,15/01/2021,17:40:37,Blocked,555,2
2f801b8c60ad4dd19c3d59672da8ca33,USDT-USD,CRO-USDT,CRO-USD,0.54%,-0.21%,-0.05424217105860829,25.61803839335116,BitRoute,1.0053825126962608,0,15/01/2021,17:41:34,Blocked,569,2
a1b7c58aa39c47e8a2fbabe6cdee876d,USDT-USD,CRO-USDT,CRO-USD,0.47%,-0.28%,-0.07120315548434418,25.61922466115095,BitRoute,1.0047206026170563,0,15/01/2021,17:41:56,Blocked,574,2
eba988050d7b48a79589a10c71d6317a,BTC-USDT,ECELL-BTC,ECELL-USDT,2.25%,1.50%,0.20891980764673945,13.947993915899165,BitRoute,1.0224735364032194,0,15/01/2021,17:43:32,Blocked,605,2
1632a503cfd6410d9fc4540d792c9449,USDT-EUR,CRO-USDT,CRO-EUR,0.43%,-0.28%,-0.02798152254122416,9.85476523302022,BitRoute,1.0042846256842628,3-8,15/01/2021,17:43:35,Blocked,606,2
85ffe06d4ae240879d292ebdd93b40ca,BTC-USDT,ECELL-BTC,ECELL-USDT,1.97%,1.23%,0.17090735122732176,13.947993915899165,BitRoute,1.0197301226957378,0,15/01/2021,17:44:06,Blocked,616,2
5014695d87b54421ad66712e098a31d8,ETH-USDT,WAXP-ETH,WAXP-USDT,0.47%,-0.28%,-0.029826046694277988,10.788480363690075,BitRoute,1.0047353801750551,0-5,15/01/2021,17:49:09,Blocked,709,2
b855c91716384d26a9e4b8cfaf097ebc,USDT-USD,BSV-USDT,BSV-USD,0.85%,0.10%,0.025045939901763403,25.623477549051326,BitRoute,1.00847752054879,0,15/01/2021,17:49:18,Blocked,711,2
d2000c20141b45fc937766d1d4737e30,BTC-USDT,ETC-BTC,ETC-USDT,0.54%,-0.21%,-0.02520387011409153,11.969999976297204,BitRoute,1.0053952510429858,33-37,15/01/2021,17:49:24,Blocked,712,2
052b202ac02842cf950b46df9fca0c66,USDT-USD,CRO-USDT,CRO-USD,0.89%,0.14%,0.03652175867798038,25.625864688938012,BitRoute,1.0089213927736171,0,15/01/2021,17:52:19,Blocked,759,2
8a31af66bcb0488f812b9174d07913d3,ETH-USDT,CRO-ETH,CRO-USDT,0.79%,0.04%,0.011646404324505059,27.674899690654712,BitRoute,1.0079055457734742,0,15/01/2021,17:54:34,Blocked,789,2
4a8fb10366bb4bfc9812c12695a2b8b7,ETH-USDT,NMR-ETH,NMR-USDT,0.82%,0.07%,0.010090104910705569,14.44002659252316,BitRoute,1.0081848054281293,30-34,15/01/2021,17:55:15,Blocked,799,2
4ab3a3e413694929b583741c9bf06365,ETH-USDT,NMR-ETH,NMR-USDT,0.82%,0.07%,0.019591032109411044,27.47157381299277,BitRoute,1.0082068297691291,28-33,15/01/2021,17:57:06,Blocked,829,2
d19a5c6c8eb64136a3f320a9aa244cfc,USDT-USD,BSV-USDT,BSV-USD,0.44%,-0.31%,-0.07910974055058705,25.19894709883205,BitRoute,1.0043607797688048,0,15/01/2021,18:01:00,Blocked,895,2
b0cc1fc7c626469bac7b4d3b3260864d,BTC-USDT,GNC-BTC,GNC-USDT,1.23%,0.48%,0.13330412408362813,27.854324450000004,BitRoute,1.012266554449885,0,15/01/2021,18:03:16,Blocked,921,2
c770ec9ebf794fe0bc1ff580c55954b4,BTC-USDT,LBC-BTC,LBC-USDT,0.82%,0.07%,0.019662410035812733,27.85432445,BitRoute,1.0082059015224407,0,15/01/2021,18:03:50,Blocked,928,2
6e6d0623dd6c4cc2a3dde285cff9e45e,USDT-USD,BSV-USDT,BSV-USD,0.61%,-0.14%,-0.03618531781510737,25.75195887318212,BitRoute,1.006093951994942,0,15/01/2021,18:04:06,Blocked,931,2
e5b63d0b96ba457481b312733ebc029e,BTC-USDT,CNTM-BTC,CNTM-USDT,0.81%,0.06%,0.011872395634070554,21.07228725,BitRoute,1.008063412765459,0,15/01/2021,18:04:23,Blocked,934,2
d74066412ae949a1a889f747687eb91d,BTC-USDT,GRIN-BTC,GRIN-USDT,0.42%,-0.33%,-0.03500271739718188,10.616568625248886,BitRoute,1.0041934935071422,21-25,15/01/2021,18:05:14,Blocked,944,2
049c8609182f4486a34db198076cd4d3,BTC-USDT,GRIN-BTC,GRIN-USDT,0.42%,-0.33%,-0.057885904694063725,17.29162846498587,BitRoute,1.004153830018605,0,15/01/2021,18:05:23,Blocked,946,2
df610634cc7a46c3b6397d079305ab51,USDT-USD,BTC-USDT,BTC-USD,0.62%,-0.13%,-0.012707512649967466,9.752474865572195,BitRoute,1.0061966997317024,0,15/01/2021,18:05:31,Blocked,948,2
514df6e74b484a81b2ec833941fc90c2,BTC-USDT,ETH-BTC,ETH-USDT,0.66%,-0.09%,-0.009095842811111029,9.823507539798028,BitRoute,1.0066025470987483,0,15/01/2021,18:05:32,Blocked,948,2
40066f095bb44b88a65063a44d69e284,BTC-USDT,BAT-BTC,BAT-USDT,0.50%,-0.25%,-0.07064227897478995,27.750500284559497,BitRoute,1.0049741876067395,0,15/01/2021,18:05:33,Blocked,948,2
73ba0aa995d5424cbc7e6df5fad8126c,BTC-USDT,CRO-BTC,CRO-USDT,0.86%,0.11%,0.026691790123927472,24.937500000030962,BitRoute,1.0086193415895828,0,15/01/2021,18:05:34,Blocked,948,2
8854b0448e6647e0b4a01f01ca6fadd8,BTC-USDT,GRIN-BTC,GRIN-USDT,0.98%,0.22%,0.03888419703681403,17.29162846498587,BitRoute,1.009755931917142,0,15/01/2021,18:05:37,Blocked,948,2
8da4cc3e996e4d92af3743c7e4b26b5a,BTC-USDT,GRIN-BTC,GRIN-USDT,0.72%,-0.03%,-0.005973831206938479,17.29162846498587,BitRoute,1.007152898426041,0-5,15/01/2021,18:06:29,Blocked,963,2
22ab3cce7a2b407988c9b17530cfdba9,BTC-USDT,GRIN-BTC,GRIN-USDT,0.85%,0.10%,0.0250337675410319,24.609364536919298,BitRoute,1.008501122298583,30-34,15/01/2021,18:07:29,Blocked,975,2
16012fe4369c45ef8dc606a35f6d3fe9,BTC-USDT,DEP-BTC,DEP-USDT,0.92%,0.17%,0.044654343491250435,26.11927105331114,BitRoute,1.009203965858369,0,15/01/2021,18:07:33,Blocked,976,2
d77e304682ed4d11a1acb43670a4ddd7,ETH-USDT,CRO-ETH,CRO-USDT,0.76%,0.01%,0.0034716029185354325,27.801298631199387,BitRoute,1.007615433745351,0,15/01/2021,18:07:55,Blocked,980,2
63aba05526884cc6be1f3f51ab791641,ETH-USDT,DAI-ETH,DAI-USDT,0.51%,-0.24%,-0.0672540724779489,27.76564779598905,BitRoute,1.0050882859230523,0,15/01/2021,18:08:03,Blocked,981,2
de64a0488d0d425a817ae736f337da59,BTC-USDT,ETH-BTC,ETH-USDT,0.49%,-0.26%,-0.07284764938172701,27.85432445,BitRoute,1.0048798321594508,0,15/01/2021,18:08:34,Blocked,988,2
aa077cecc7e64a01b2cdfd8c0a1995f3,USDT-EUR,BSV-USDT,BSV-EUR,1.20%,0.65%,0.149868766739814,23.034320937746873,BitRoute,1.0119976423121222,0,15/01/2021,18:08:49,Blocked,992,2
fdbd4088e3234ea18c70865162a315e0,BTC-USDT,ECELL-BTC,ECELL-USDT,4.07%,3.32%,0.462746719782387,13.947993915899165,BitRoute,1.0406765788379941,0,15/01/2021,18:11:55,Blocked,1055,2
0de5fab6bb614d92842381d44ffc1cac,BTC-USDT,DASH-BTC,DASH-USDT,0.56%,-0.19%,-0.05243393314782446,27.83304731349039,BitRoute,1.0056157092516111,0,15/01/2021,18:12:17,Blocked,1062,2
a0de70ba24a847f3b39ccc748f90d0a4,BTC-USDT,CRO-BTC,CRO-USDT,0.52%,-0.23%,-0.0651450669707804,27.85432445,BitRoute,1.005157742044965,0,15/01/2021,18:19:27,Blocked,1203,2
0f4e11a0aa3b41aea90b3132bd7085ce,BTC-USDT,DFI-BTC,DFI-USDT,0.91%,0.16%,0.04496289428292005,27.85432445,BitRoute,1.0091076135857908,0,15/01/2021,18:20:11,Blocked,1218,2
3cbed1e36bd44d6eb7654c038f15a808,BTC-USDT,ADA-BTC,ADA-USDT,0.42%,-0.33%,-0.09226690966929244,27.817279692422986,BitRoute,1.004179506568141,0,15/01/2021,18:23:16,Blocked,1284,2
0eb563ceb3bc4c80b8abb3aed88951ea,BTC-USDT,CRO-BTC,CRO-USDT,0.46%,-0.29%,-0.08155447779188174,27.81096939567043,BitRoute,1.0045675427874663,0,15/01/2021,18:25:09,Blocked,1324,2
9a93d456aa584848bbca6d9636e2f97b,BTC-USDT,CRO-BTC,CRO-USDT,0.54%,-0.20%,-0.05672908556936315,27.68203305742559,BitRoute,1.0054454457606814,0,15/01/2021,18:33:59,Blocked,1508,2
f887d7a7aebe45b79394220e226e981f,USDT-USD,CELO-USDT,CELO-USD,0.53%,-0.22%,-0.055142918890282035,25.54037735572184,BitRoute,1.005339616799344,0,15/01/2021,18:34:22,Blocked,1516,2
b866e42f459e4f148b5bb0cbea3ca394,USDT-USD,CRO-USDT,CRO-USD,1.87%,1.12%,0.2877470939525251,25.624519456575516,BitRoute,1.0187301764914898,0,15/01/2021,18:34:39,Blocked,1521,2
981e057d70a5490ba01f7a6e717b156a,USDT-USD,CRO-USDT,CRO-USD,1.29%,0.54%,0.13883579630622714,25.60601031150012,BitRoute,1.0129159591924326,0,15/01/2021,18:38:37,Blocked,1606,2
d763887c811844b0a1f4815965a3f492,BTC-USDT,CRO-BTC,CRO-USDT,0.57%,-0.18%,-0.0483691648785182,27.638163904782605,BitRoute,1.0057371559920507,0,15/01/2021,18:47:53,Blocked,1803,2
c7dbd09d9798483da7308797d5eb333f,USDT-EUR,CRO-USDT,CRO-EUR,0.50%,-0.19%,-0.032867287976369536,16.973104779381543,BitRoute,1.0050279479869693,0-4,15/01/2021,18:50:58,Blocked,1867,2
be629288b470450c9bac1f3cf3ba7cec,ETH-USDT,CRO-ETH,CRO-USDT,0.48%,-0.27%,-0.07292741546261841,27.51318337653678,BitRoute,1.00484834193907,0,15/01/2021,18:51:06,Blocked,1869,2
255efe6edc16495984d7e9566f13acd4,USDT-EUR,CRO-USDT,CRO-EUR,0.50%,-0.19%,-0.03287144866738141,16.973104779381543,BitRoute,1.0050279479869693,0,15/01/2021,18:51:07,Blocked,1869,2
19b8823484b74b7a91986a9be2ffd7c1,ETH-USDT,CRO-ETH,CRO-USDT,0.43%,-0.32%,-0.08843685205336807,27.561366788619186,BitRoute,1.0042887468264587,0,15/01/2021,18:51:19,Blocked,1873,2
253ef150a2a1429b9fb2b97e9e108f08,ETH-USDT,CRO-ETH,CRO-USDT,0.87%,0.12%,0.03281804093796528,27.323421600966626,BitRoute,1.0086888896190327,0,15/01/2021,18:56:34,Blocked,1978,2
65a29edeb2004924b8254c99a2aa0902,BTC-USDT,CRO-BTC,CRO-USDT,0.52%,-0.23%,-0.062357693906553074,27.640232797475072,BitRoute,1.0052415333335376,0,15/01/2021,18:56:35,Blocked,1978,2
9247bb3c04434912a0989cfe89378afd,USDT-USD,CRO-USDT,CRO-USD,1.69%,0.94%,0.2424647472385397,25.710223107646453,BitRoute,1.0169251908583687,0,15/01/2021,18:57:47,Blocked,2002,2
e11c9129c8264732ad33ba563c308ef2,USDT-USD,CRO-USDT,CRO-USD,1.29%,0.54%,0.13783525515800754,25.70916069613861,BitRoute,1.0128572875510409,0,15/01/2021,19:00:51,Blocked,2061,2
81a1fb74342a482d818800c04db4ec2c,BTC-USDT,LBC-BTC,LBC-USDT,1.97%,1.22%,0.15881266772300526,12.986164337522922,BitRoute,1.0197214456396553,0-3,15/01/2021,19:03:05,Blocked,2105,2
26a49b8a7ab14d4a8f0a3e9f87fa8dd5,BTC-USDT,LBC-BTC,LBC-USDT,1.46%,0.71%,0.0695577032779335,9.833724076300939,BitRoute,1.0145589479894626,0,15/01/2021,19:03:16,Blocked,2108,2
27d420d006dc447d88a249aa39dca014,USDT-USD,CRO-USDT,CRO-USD,0.97%,0.22%,0.055208202239009324,25.558631699249233,BitRoute,1.0096560511543042,0,15/01/2021,19:04:24,Blocked,2129,2
42c4942d249042799e2a279ce8ea2e54,BTC-USDT,DFI-BTC,DFI-USDT,0.53%,-0.22%,-0.061245232193070966,27.85432445,BitRoute,1.0052959667681072,0,15/01/2021,19:06:54,Blocked,2173,2
924caaba56f744dd927d3f907d44d3f9,ETH-USDT,WAXP-ETH,WAXP-USDT,0.65%,-0.10%,-0.010337701478838404,10.681156421505726,BitRoute,1.0065319393287857,0,15/01/2021,19:10:55,Blocked,2251,2
1e5036dd595d44f0bae6644435c91a67,USDT-EUR,CRO-USDT,CRO-EUR,0.56%,-0.12%,-0.029082085195326374,24.0475581,BitRoute,1.005632637351691,0,15/01/2021,19:17:19,Blocked,2381,2
e9b0c2091c264a9dae6eeece30f11996,USDT-EUR,CRO-USDT,CRO-EUR,0.49%,-0.21%,-0.05151388567545076,23.96560510641035,BitRoute,1.0048542838616967,0,15/01/2021,19:40:06,Blocked,2864,2
e02d6c3bba4844268e0860463ba45d58,USDT-EUR,CRO-USDT,CRO-EUR,0.73%,0.08%,0.01931329647467697,23.982753172604042,BitRoute,1.0072946978254709,0,15/01/2021,19:40:23,Blocked,2869,2
172531f0a34d4fa69de315c8b3f6ca69,USDT-EUR,CRO-USDT,CRO-EUR,0.68%,0.02%,0.005815386020536328,24.0384705372543,BitRoute,1.0068294362442165,0,15/01/2021,19:41:20,Blocked,2889,2
93f420c9ab5b43d58cedf161704de6e8,USDT-EUR,CRO-USDT,CRO-EUR,0.68%,0.03%,0.006258942836121689,24.047558100000003,BitRoute,1.0068445949222904,0-4,15/01/2021,19:41:34,Blocked,2893,2
f6dac5549566465387db7581c0155241,USDT-USD,CRO-USDT,CRO-USD,1.53%,0.78%,0.20021972451668776,25.75840003148655,BitRoute,1.0152659635991363,0,15/01/2021,19:44:09,Blocked,2940,2
ea579fd68ea145188ebc9544c23573d4,BTC-USDT,CELO-BTC,CELO-USDT,0.49%,-0.26%,-0.06902532984351968,26.6960553620376,BitRoute,1.0049098955283016,0,15/01/2021,19:44:17,Blocked,2942,2
e2d14bf1faa349d3852b834ab7bd3ebe,USDT-USD,CRO-USDT,CRO-USD,1.53%,0.78%,0.20021585260969613,25.7658791851266,BitRoute,1.0152633031318203,0,15/01/2021,19:44:46,Blocked,2952,2
e928cf03015f4fbaba63c35611182142,BTC-USDT,ECELL-BTC,ECELL-USDT,0.55%,-0.20%,-0.04743044950327024,23.654434453239716,BitRoute,1.0054943053020995,0,15/01/2021,19:45:15,Blocked,2962,2
06bd7bc687c34c1abe413274a6d9b43a,USDT-USD,CRO-USDT,CRO-USD,0.59%,-0.16%,-0.04117387669308617,25.74027823297121,BitRoute,1.0058980989725788,0,15/01/2021,19:49:11,Blocked,3046,2
0cc70f6fdef4451abd9e0513d12ee980,USDT-USD,CRO-USDT,CRO-USD,0.47%,-0.28%,-0.07142803734980897,25.682044015512428,BitRoute,1.0047187557459731,0,15/01/2021,19:51:02,Blocked,3085,2
041221ad52b6437daf97748374302291,USDT-USD,CRO-USDT,CRO-USD,0.54%,-0.21%,-0.0536543566250407,25.71841092226699,BitRoute,1.0054137763687183,0,15/01/2021,19:51:44,Blocked,3098,2
416b881d18154ca89e65fe2baba4493e,USDT-USD,CRO-USDT,CRO-USD,0.47%,-0.28%,-0.07115815327590025,25.722869941237732,BitRoute,1.0047334385198938,0,15/01/2021,19:52:06,Blocked,3105,2
9c1aec87aca74cf8aff94d02afa71ab2,USDT-USD,CRO-USDT,CRO-USD,0.62%,-0.13%,-0.034232320047442366,25.682419328149876,BitRoute,1.006166724452162,0,15/01/2021,19:52:26,Blocked,3111,2
a3ef74db9a29423eaff61315be4103a3,USDT-EUR,CRO-USDT,CRO-EUR,0.81%,0.18%,0.043715995642626036,24.047558100000003,BitRoute,1.00813440053154,0,15/01/2021,20:04:28,Blocked,3359,2
f0b7fe02d322484ead56b2b3d4118534,USDT-EUR,CRO-USDT,CRO-EUR,0.54%,-0.15%,-0.027462052617424973,18.135137749893225,BitRoute,1.0053806278980286,0,15/01/2021,20:05:43,Blocked,3382,2
f5840db56e394f558c2b2ba99488f36e,USDT-EUR,CRO-USDT,CRO-EUR,0.55%,-0.14%,-0.025821401804257318,18.135137749893225,BitRoute,1.0054553919013751,0,15/01/2021,20:06:05,Blocked,3389,2
e1d3c0caf9d1476faa3eb7c6b84939ae,USDT-EUR,CRO-USDT,CRO-EUR,0.55%,-0.14%,-0.02529586518996952,18.135137749893225,BitRoute,1.0054778805679712,0,15/01/2021,20:06:15,Blocked,3392,2
94f45de09e1d490cb890c1c6bd108471,USDT-EUR,CRO-USDT,CRO-EUR,0.55%,-0.13%,-0.0244089608261705,18.135137749893225,BitRoute,1.0055182767502613,0,15/01/2021,20:06:41,Blocked,3399,2
b2cc8b5eff4f49b69d6d219a6f29a191,USDT-EUR,CRO-USDT,CRO-EUR,0.55%,-0.13%,-0.02401718354685144,18.126681464030927,BitRoute,1.0055356108591331,0,15/01/2021,20:06:48,Blocked,3401,2
527f158b94734b18a04237f023478ccf,USDT-EUR,CRO-USDT,CRO-EUR,0.57%,-0.12%,-0.02145085518418164,18.126681464030927,BitRoute,1.0056541004824926,0-4,15/01/2021,20:08:04,Blocked,3426,2
94fd920e386043c9b13e099023903912,BTC-USDT,CRO-BTC,CRO-USDT,0.60%,-0.15%,-0.04158665086397068,27.85432445,BitRoute,1.0060051155458638,0,15/01/2021,20:17:23,Blocked,3625,2
af281e59d0264beba706c9f6813450e0,BTC-USDT,CRO-BTC,CRO-USDT,0.52%,-0.23%,-0.06537545518298035,27.834641527617286,BitRoute,1.005150902317848,0,15/01/2021,20:17:35,Blocked,3629,2
22d6e370004a40efad7630430c9ca573,BTC-USDT,CRO-BTC,CRO-USDT,0.59%,-0.16%,-0.04407583116531785,27.84817140475413,BitRoute,1.0059146485309811,0,15/01/2021,20:17:50,Blocked,3634,2
6d81f4cbebdc461aa92bd0b715dac8b0,USDT-USD,CRO-USDT,CRO-USD,1.51%,0.76%,0.19444263922368807,25.507475074461464,BitRoute,1.0151167816246671,0,15/01/2021,20:19:53,Blocked,3675,2
fdc9521f467c4cb7b709b6c125c7ae05,USDT-USD,CRO-USDT,CRO-USD,1.36%,0.61%,0.15667301421276686,25.536233024606684,BitRoute,1.0136297544149235,0,15/01/2021,20:20:19,Blocked,3683,2
74a8ca272e884a9aa993b1b1ed7531ed,USDT-USD,CRO-USDT,CRO-USD,1.66%,0.91%,0.2336507104440206,25.667237583498817,BitRoute,1.0165975712004505,0,15/01/2021,20:21:42,Blocked,3712,2
c8711bfeee88416bacf282c96930cee2,USDT-USD,CRO-USDT,CRO-USD,0.67%,-0.08%,-0.009317705600556364,12.033909090897055,BitRoute,1.0067240642894184,0,15/01/2021,20:21:57,Blocked,3717,2
4e196651bd56442dbba25368cd398a54,BTC-USDT,HIVE-BTC,HIVE-USDT,4.29%,3.54%,0.9549719681732262,26.98186829319044,BitRoute,1.0428931000909791,0,15/01/2021,20:25:55,Blocked,3800,2
da1a46da474e423aba70af1151e805f5,BTC-USDT,CRO-BTC,CRO-USDT,0.74%,-0.01%,-0.0027920473802071355,27.813330334979874,BitRoute,1.0073996147765645,0,15/01/2021,20:30:23,Blocked,3894,2
3a009d5b2dea4f2db0e773c2ba9fff7c,USDT-USD,CRO-USDT,CRO-USD,0.46%,-0.29%,-0.07464948654394732,25.88524714,BitRoute,1.0046155029285653,0,15/01/2021,20:31:52,Blocked,3925,2
1dd3d5be5b8044d5b06cf81358367893,ETH-USDT,WAXP-ETH,WAXP-USDT,0.40%,-0.35%,-0.03335372677799678,9.652785922315742,BitRoute,1.0040402949456178,0,15/01/2021,20:32:03,Blocked,3928,2
06bccd6382014fe4bb01e2feeab56bc2,BTC-USDT,ECELL-BTC,ECELL-USDT,0.79%,0.04%,0.01033390082966143,23.695572600114915,BitRoute,1.0079326607572296,0,15/01/2021,20:36:04,Blocked,4008,2
0888c06553714c0ebd0d4385c96b2d77,BTC-USDT,CRO-BTC,CRO-USDT,0.46%,-0.29%,-0.08092575675752689,27.74483075523613,BitRoute,1.0045803776874034,0,15/01/2021,20:40:27,Blocked,4098,2
22899fd24e014fcbbc7b3983dfdd3fd7,BTC-USDT,CRO-BTC,CRO-USDT,0.50%,-0.25%,-0.0692503442813546,27.770232048396824,BitRoute,1.0050069351271071,0,15/01/2021,20:40:53,Blocked,4105,2
c7720df74c4b4546a24999a24b7b939a,USDT-USD,CRO-USDT,CRO-USD,0.43%,-0.32%,-0.0323366078932575,10.231954503750002,BitRoute,1.004338541279657,0,15/01/2021,20:44:38,Blocked,4179,2
e9e148149a034bea8d9b774d38076007,USDT-USD,CRO-USDT,CRO-USD,0.82%,0.07%,0.01893663460220718,25.67006845059132,BitRoute,1.0082342505709472,0,15/01/2021,20:44:55,Blocked,4184,2
bf973f88091c40bba2e04cad0b5df1f7,USDT-USD,CRO-USDT,CRO-USD,0.94%,0.19%,0.04966911923621229,25.73594210453605,BitRoute,1.0094264864919242,0,15/01/2021,20:45:42,Blocked,4198,2
50848704e5ba4628a751aaa8c916ac72,BTC-USDT,LBC-BTC,LBC-USDT,0.44%,-0.31%,-0.03384567431105512,10.93416482955462,BitRoute,1.0044045944670998,0,15/01/2021,20:45:44,Blocked,4198,2
2791476567f44b099fef2c6bb3e4a475,ETH-USDT,WAXP-ETH,WAXP-USDT,0.46%,-0.29%,-0.07940552196486228,27.80469520241789,BitRoute,1.004637956692325,0,15/01/2021,20:45:47,Blocked,4199,2
a5c0b26d4d7e481d87594475b6568d04,BTC-USDT,LBC-BTC,LBC-USDT,0.44%,-0.31%,-0.03383737501844195,10.93416482955462,BitRoute,1.0044045944670998,0-4,15/01/2021,20:45:58,Blocked,4202,2
51b1f18bb0a84ad182f5e617f1526d1e,BTC-USDT,LBC-BTC,LBC-USDT,0.51%,-0.24%,-0.02618623890074584,10.93416482955462,BitRoute,1.0051048614513294,52-57,15/01/2021,20:47:03,Blocked,4217,2
b09bd2bc446d458a98efc381ca02df97,BTC-USDT,LBC-BTC,LBC-USDT,0.42%,-0.33%,-0.03577915954223258,10.93416482955462,BitRoute,1.0042199359405792,0,15/01/2021,20:47:35,Blocked,4226,2
245d0dd27a2d45aeb129be30e9750a04,BTC-USDT,ECELL-BTC,ECELL-USDT,0.99%,0.25%,0.05828378545957846,23.654434453239716,BitRoute,1.009932159212907,0,15/01/2021,20:47:58,Blocked,4232,2
2137defc7661473ca4f666520cb5e4ee,BTC-USDT,CRO-BTC,CRO-USDT,0.43%,-0.32%,-0.08842198960409679,27.668915382785233,BitRoute,1.0043015894881175,0,15/01/2021,20:49:20,Blocked,4255,2
19cad924bc9a436f89b627fefc1c1d6c,BTC-USDT,LBC-BTC,LBC-USDT,0.55%,-0.20%,-0.02214680096481425,10.93416482955462,BitRoute,1.005472331613852,26-31,15/01/2021,20:49:56,Blocked,4261,2
0e6af8792fe54967a2e71ece246eb9f0,USDT-USD,CRO-USDT,CRO-USD,1.15%,0.40%,0.10267554609708184,25.805595252282465,BitRoute,1.0114779110239749,0,15/01/2021,20:56:08,Blocked,3,3
8805236f1e46472f908a8002285cb2be,USDT-USD,CRO-USDT,CRO-USD,0.95%,0.20%,0.05244121284645767,25.808541698924266,BitRoute,1.0095277128484834,0,15/01/2021,20:56:56,Blocked,13,3
63b6262e6ab947b087020e52d0b2a415,USDT-USD,CRO-USDT,CRO-USD,0.71%,-0.04%,-0.010713520036202878,25.787038896009413,BitRoute,1.0070822460722015,0,15/01/2021,21:00:31,Blocked,66,3
071866f621584bddbdcee3d06bc9475c,ETH-USDT,CRO-ETH,CRO-USDT,1.03%,0.28%,0.07596052220432825,27.5101356066472,BitRoute,1.0102681945137268,0,15/01/2021,21:01:07,Blocked,77,3
fa90c2cafea64da29545a01192474373,BTC-USDT,CRO-BTC,CRO-USDT,0.79%,0.05%,0.012512781702181149,27.758841999358932,BitRoute,1.007943006135217,0-5,15/01/2021,21:02:40,Blocked,105,3
15dbe641215d4528b329530d237ad3b5,ETH-USDT,CRO-ETH,CRO-USDT,0.45%,-0.30%,-0.08220507757281859,27.65640710744688,BitRoute,1.0045257940376335,0,15/01/2021,21:02:52,Blocked,108,3
c2aeae5dc50f4267a263397412a721d1,BTC-USDT,CRO-BTC,CRO-USDT,0.82%,0.07%,0.018841676048674483,27.76914054749751,BitRoute,1.0081741318363349,0,15/01/2021,21:02:54,Blocked,108,3
2cc67d10590649b489032183b74ff601,USDT-USD,ETH-USDT,ETH-USD,0.84%,0.09%,0.01470897003908758,15.772071000000002,BitRoute,1.00842971840896,0,15/01/2021,21:07:30,Blocked,199,3
94f228b58f364d618a8ec2e3119fd975,USD-EUR,USDT-USD,USDT-EUR,0.64%,-0.04%,-0.008687757720657245,24.0475581,BitRoute,1.006371854960179,0,15/01/2021,21:07:31,Blocked,199,3
cd0602cf5c774fb69522b35609e0013d,USDT-USD,ADA-USDT,ADA-USD,0.89%,0.13%,0.03405715272412371,25.821141603546966,BitRoute,1.0088809019706342,0,15/01/2021,21:07:32,Blocked,199,3
f3921113dcea449cb2f06e863539fa92,USDT-USD,BAT-USDT,BAT-USD,0.79%,0.04%,0.01012817410288877,25.88524714,BitRoute,1.0079441169913177,0,15/01/2021,21:07:33,Blocked,199,3
a3dd747ba2a84cddaf0f050f347f4217,USDT-USD,BTC-USDT,BTC-USD,0.92%,0.16%,0.04232044954602407,25.88524714,BitRoute,1.009200027647361,0,15/01/2021,21:07:35,Blocked,199,3
c50c928b974347bfb5b86b0488cc03d2,USDT-USD,CELO-USDT,CELO-USD,0.44%,-0.31%,-0.04743522380853085,15.2727380489502,BitRoute,1.0044127096768691,0,15/01/2021,21:07:36,Blocked,199,3
9739f716b52c4f03b4405b4588bc88c7,USDT-USD,COMP-USDT,COMP-USD,0.68%,-0.08%,-0.02018604980358774,25.718700573937834,BitRoute,1.0067564806720528,0,15/01/2021,21:07:38,Blocked,199,3
fcd8fb6f648d4de68f3ef571f1ba1e0b,USDT-USD,DASH-USDT,DASH-USD,0.88%,0.12%,0.031045119518161936,25.88524714,BitRoute,1.0087594754914375,0,15/01/2021,21:07:41,Blocked,199,3
290afbcdac9446dcb31c94131f39a92f,USDT-USD,EOS-USDT,EOS-USD,0.84%,0.09%,0.02282979353122613,25.88524714,BitRoute,1.0084390812781514,0,15/01/2021,21:07:42,Blocked,199,3
0463334b6afd41e3b60f7238f6ef31d7,USDT-USD,HBAR-USDT,HBAR-USD,0.56%,-0.19%,-0.04967607733992727,25.86135743656733,BitRoute,1.0056090403283269,0,15/01/2021,21:07:43,Blocked,199,3
9f72ab02cac34a5286dfc3faa11a7c8f,USDT-USD,LTC-USDT,LTC-USD,0.87%,0.11%,0.02967294753306879,25.88524714,BitRoute,1.0087060756594022,0,15/01/2021,21:07:44,Blocked,199,3
14a4b8ff9d1a4ad98a5720d71fc8dd99,USDT-USD,RVN-USDT,RVN-USD,0.68%,-0.07%,-0.019040364956802447,25.826379930117426,BitRoute,1.0068041938417305,0,15/01/2021,21:07:45,Blocked,199,3
dc99e56f15a0423bafb5017fcdc0002f,USDT-EUR,CRO-USDT,CRO-EUR,0.57%,-0.12%,-0.027618071670529515,23.8756348355472,BitRoute,1.0056654978691981,0,15/01/2021,21:09:01,Blocked,8,4
8b73cacc690c4773b9b9bb6f2fa09778,USDT-EUR,CRO-USDT,CRO-EUR,0.78%,0.15%,0.0353740931666143,23.935350683732626,BitRoute,1.00783547469031,0,15/01/2021,21:10:03,Blocked,23,4
0ecd7d434da04865877bc2e74925707a,USDT-EUR,CRO-USDT,CRO-EUR,0.68%,0.03%,0.0064158580555356,23.936556567436643,BitRoute,1.0068394557153733,0,15/01/2021,21:10:31,Blocked,30,4
12b0b0fce6b9401890a044c72f4df8e8,USDT-EUR,CRO-USDT,CRO-EUR,0.60%,-0.07%,-0.017759780829632338,23.9376519883183,BitRoute,1.0060085413605218,0,15/01/2021,21:10:49,Blocked,35,4
20c085394c7a4a92823f1623542312b8,BTC-USDT,CRO-BTC,CRO-USDT,0.67%,-0.08%,-0.014211908419205029,16.726401797663392,BitRoute,1.0066519530180968,0,15/01/2021,21:16:27,Blocked,147,4
5012d767e69844a0aea7bafb7b2231d6,USDT-USD,CRO-USDT,CRO-USD,1.13%,0.38%,0.09792737904553547,25.625945899449054,BitRoute,1.0113203559896196,0,15/01/2021,21:22:00,Blocked,264,4
69ce3c70ed974e34a630d1a3ceb14cf4,USDT-USD,CRO-USDT,CRO-USD,0.99%,0.24%,0.0619127784319933,25.634191365736648,BitRoute,1.0099143517463258,0,15/01/2021,21:22:36,Blocked,276,4
f3aa009236dc40739ddcf59590c58146,BTC-USDT,CRO-BTC,CRO-USDT,0.43%,-0.32%,-0.08875183127326362,27.740770998075426,BitRoute,1.0042980781868092,0,15/01/2021,21:23:02,Blocked,284,4
d5cae52dd8704b69a03c0527fad40bf4,USDT-USD,CRO-USDT,CRO-USD,0.80%,0.05%,0.007053142022129741,14.145671763679614,BitRoute,1.0079984976699414,0,15/01/2021,21:27:10,Blocked,368,4
57126939da1540a5b5e5725f917d2fbd,USDT-USD,CRO-USDT,CRO-USD,0.66%,-0.09%,-0.012777269420452124,14.135879176337054,BitRoute,1.0065961107363,0,15/01/2021,21:27:25,Blocked,373,4
e5258e32c04c4c30bcf20f00cc9f08af,USDT-EUR,CRO-USDT,CRO-EUR,0.55%,-0.14%,-0.03294703800651312,23.845181208467235,BitRoute,1.0054886188413823,0,15/01/2021,21:37:24,Blocked,575,4
d2fa2cd5333a4bbeb84576fa3154296f,BTC-USDT,CRO-BTC,CRO-USDT,0.48%,-0.27%,-0.07563040323084066,27.68642636921854,BitRoute,1.0047688238136958,0,15/01/2021,21:46:12,Blocked,750,4
2b1e77866bb449eb8376f08b6c312495,ETH-USDT,WAXP-ETH,WAXP-USDT,0.52%,-0.23%,-0.03075131730309101,13.238877117252965,BitRoute,1.0051703448760327,0,15/01/2021,21:55:30,Blocked,934,4
1e2fd4f2285f4f97904edf8f1bb2d523,ETH-USDT,WAXP-ETH,WAXP-USDT,0.42%,-0.33%,-0.03349660525888931,10.022870753908542,BitRoute,1.0041599229516656,0,15/01/2021,21:57:06,Blocked,966,4
85fcc38d6ecd4453a25e3e58427fd61b,USDT-EUR,BSV-USDT,BSV-EUR,0.48%,-0.22%,-0.052444632803746116,23.429425814472808,BitRoute,1.0047854357315884,0,15/01/2021,21:59:44,Blocked,1020,4
7dbb36d3046d4f81bf38b9110f8b4104,USDT-USD,CRO-USDT,CRO-USD,0.44%,-0.31%,-0.08112903024663608,25.77642996744643,BitRoute,1.0043515136408865,0-5,15/01/2021,22:08:16,Blocked,1190,4
8845ae217f4e43f688a37c237616d1ab,USDT-EUR,CRO-USDT,CRO-EUR,0.75%,0.11%,0.025279830956342286,23.997603522418018,BitRoute,1.0075081911090689,0,15/01/2021,22:08:17,Blocked,1190,4
c3ce02e16ae54db884def485943bdce4,ETH-USDT,CRO-ETH,CRO-USDT,0.54%,-0.21%,-0.05932040195730984,27.75614519332005,BitRoute,1.0053633665182409,0,15/01/2021,22:12:28,Blocked,1277,4
69a7456cd1da4aee91744dc085230cec,BTC-USDT,ALGO-BTC,ALGO-USDT,0.58%,-0.17%,-0.0457520683706403,27.61336711147727,BitRoute,1.0058449863076122,0-4,15/01/2021,22:14:34,Blocked,1314,4
0e718266b22f4281a94f559627d33705,ETH-USDT,CRO-ETH,CRO-USDT,0.71%,-0.03%,-0.009044876311963046,27.74968061595033,BitRoute,1.0071424376717844,0,15/01/2021,22:17:03,Blocked,1364,4
f13968f8be734ed0a287599b163567a5,USDT-EUR,ETH-USDT,ETH-EUR,0.45%,-0.26%,-0.061395999372508364,24.03793269632096,BitRoute,1.0045207738003799,0,15/01/2021,22:18:00,Blocked,1383,4
d5a091e4c1534cb38588581c81e09816,BTC-USDT,CRO-BTC,CRO-USDT,0.53%,-0.22%,-0.060353724263014885,27.66941090554528,BitRoute,1.0053185421144728,0-3,15/01/2021,22:19:20,Blocked,1410,4
83ca2ce4c66743d18a5986a7aa19d466,USDT-USD,CRO-USDT,CRO-USD,1.05%,0.30%,0.07839038336061044,25.85354480893039,BitRoute,1.0105273538460262,0,15/01/2021,22:28:10,Blocked,1588,4
3f73c965ca18477ca47aae11c1cbb2b3,USDT-USD,CRO-USDT,CRO-USD,0.46%,-0.29%,-0.07346980993433291,25.61337705930105,BitRoute,1.0046304119969498,0,15/01/2021,22:32:28,Blocked,1671,4
4b47f9a5de98438db40d894e07766e05,BTC-USDT,DFI-BTC,DFI-USDT,0.54%,-0.21%,-0.059448172877887034,27.85432445,BitRoute,1.0053595312704966,8-11,15/01/2021,22:34:43,Blocked,1715,4
6dcd77a8615a4aa79d7f05893d2ae7a2,BTC-USDT,DFI-BTC,DFI-USDT,0.57%,-0.18%,-0.05037692590761656,27.85432445,BitRoute,1.0056926490010507,0,15/01/2021,22:34:55,Blocked,1718,4
2f5fea434fb745aa8ebddf04ac8096d5,USDT-EUR,CRO-USDT,CRO-EUR,0.63%,-0.04%,-0.007103958923585395,18.13513774964305,BitRoute,1.006311120920236,0,15/01/2021,22:35:33,Blocked,1731,4
b4fc40beca5a455c9c05a299796de8e7,USDT-EUR,CRO-USDT,CRO-EUR,0.46%,-0.25%,-0.04536686726715872,18.13513774964305,BitRoute,1.0045662178200696,0,15/01/2021,22:35:56,Blocked,1739,4
19ad283e7ea64b05963619f3116b462b,USDT-USD,CRO-USDT,CRO-USD,0.80%,0.05%,0.012375797334322923,22.74460992931624,BitRoute,1.0080409046755177,0,15/01/2021,22:37:54,Blocked,1777,4
0d483a1cc2e94b5ea4d9409b65d2f4f8,USDT-USD,TRX-USDT,TRX-USD,0.68%,-0.07%,-0.018583023818660088,25.6098847669991,BitRoute,1.0067719446330514,0,15/01/2021,22:40:35,Blocked,1825,4
a443d258b86e4d1f8bfc5bd609232abb,USDT-USD,CRO-USDT,CRO-USD,0.42%,-0.33%,-0.0844363679768797,25.65207446757688,BitRoute,1.0042075970652713,0,15/01/2021,22:41:18,Blocked,1839,4
f08bb0b93f264e878ac0636e7c4f65d4,USDT-USD,CRO-USDT,CRO-USD,0.56%,-0.19%,-0.04918122869797538,25.683471007146398,BitRoute,1.0055836519462786,0,15/01/2021,22:41:59,Blocked,1850,4
27fe527d07b24707b7c72c93f281bb9d,USDT-USD,CRO-USDT,CRO-USD,0.89%,0.14%,0.020472352327114723,14.533683167896314,BitRoute,1.0089055383616607,0-3,15/01/2021,22:48:40,Blocked,1976,4
4d45ecee848243e5a9f078a77731808c,USDT-USD,CRO-USDT,CRO-USD,0.76%,0.01%,0.0033584055449953354,25.74354577000986,BitRoute,1.0076280451177004,0,15/01/2021,22:51:12,Blocked,2026,4
e0acacf15eae409ba71521a918084504,BTC-USDT,LMCH-BTC,LMCH-USDT,0.82%,0.07%,0.018121242092980026,27.118693746741013,BitRoute,1.0081590749023577,0,15/01/2021,22:51:53,Blocked,2039,4
32700a3ae38341e39999763f9a1b5892,BTC-USDT,ECELL-BTC,ECELL-USDT,1.22%,0.47%,0.1124248299773834,23.99725234386638,BitRoute,1.0121664404187414,0,15/01/2021,23:10:53,Blocked,2422,4
1509365d17e94bcd8de31ee918b7967f,BTC-USDT,ECELL-BTC,ECELL-USDT,1.71%,0.96%,0.2296414169289536,23.99725234386638,BitRoute,1.0170556150683914,0,15/01/2021,23:12:49,Blocked,2462,4
41027fa7485e47b3b49d1aca0b7c0947,USDT-USD,CRO-USDT,CRO-USD,0.40%,-0.35%,-0.08937461586687101,25.63038561093589,BitRoute,1.0040122319758191,0,15/01/2021,23:14:34,Blocked,2496,4
6dfa2e37979a4e4695b86f9efa9ded1e,USDT-USD,CRO-USDT,CRO-USD,0.42%,-0.33%,-0.08410976887514603,25.661616409631574,BitRoute,1.004221317789637,0,15/01/2021,23:19:55,Blocked,2600,4
262a62618ac94d53bc194878c7bc75ab,BTC-USDT,ECELL-BTC,ECELL-USDT,2.53%,1.78%,0.4273688665835823,24.00410870167892,BitRoute,1.0253094830292613,0,15/01/2021,23:20:11,Blocked,2605,4
ff17a30e2b904a65b5f328a5275a6f83,BTC-USDT,ECELL-BTC,ECELL-USDT,1.46%,0.71%,0.17088914643820682,24.04524684855411,BitRoute,1.014601963338556,0,15/01/2021,23:38:24,Blocked,2979,4
9edfa4ccbf7d48948a4dad8611d14872,BTC-USDT,ECELL-BTC,ECELL-USDT,1.98%,1.23%,0.2969364588657314,24.04524684855411,BitRoute,1.019812473930487,0,15/01/2021,23:38:51,Blocked,2988,4
91aed57ad33248228df6a5f928eee62a,USDT-USD,CRO-USDT,CRO-USD,0.42%,-0.33%,-0.08523474673758108,25.695308643830433,BitRoute,1.004182614927381,0,15/01/2021,23:41:22,Blocked,3038,4
afcb962908ce43eb942043cbbc20f573,USDT-USD,CRO-USDT,CRO-USD,0.42%,-0.33%,-0.05981466678275714,18.176440797558037,BitRoute,1.004208895368474,0,15/01/2021,23:41:36,Blocked,3042,4
3e0d790b8bf5492e86d608f587140fe7,USDT-USD,CRO-USDT,CRO-USD,0.58%,-0.17%,-0.044492894288931766,25.714406830649967,BitRoute,1.0057697289273693,0,15/01/2021,23:42:21,Blocked,3055,4
f14cacd0c96f4cb6b82ff33b642fe817,USDT-USD,CRO-USDT,CRO-USD,0.87%,0.12%,0.03088371834368658,25.73862794862595,BitRoute,1.0086986578855504,0,15/01/2021,23:43:06,Blocked,3069,4
425e9950cf724e6ba060f57ae88a9826,USDT-EUR,CRO-USDT,CRO-EUR,0.59%,-0.09%,-0.021637624575228137,23.681488257848983,BitRoute,1.0058786996418518,0,15/01/2021,23:43:41,Blocked,3079,4
c83e995385dc412c80b6e15cde94501e,USDT-EUR,CRO-USDT,CRO-EUR,1.66%,1.21%,0.1204175052518884,9.955620000082963,BitRoute,1.0166180016157087,0,15/01/2021,23:46:45,Blocked,3139,4
1c926669574e4393b386c4937f0c65b3,USDT-EUR,CRO-USDT,CRO-EUR,0.69%,0.04%,0.008849115876572444,23.77543673184197,BitRoute,1.0069414734213302,0-4,15/01/2021,23:48:15,Blocked,3168,4
1c9a8863053941edae017b3e26c81452,USDT-EUR,CRO-USDT,CRO-EUR,0.58%,-0.10%,-0.009527134876707366,9.955620000082963,BitRoute,1.0058425909072024,0,15/01/2021,23:48:29,Blocked,3172,4
9651b31181d143a195db4033391c007e,USDT-EUR,CRO-USDT,CRO-EUR,0.58%,-0.09%,-0.009443689678600486,9.955620000082963,BitRoute,1.005849520509004,0,15/01/2021,23:48:39,Blocked,3175,4
8fb4f4d611604516bd09b03a64b80672,USDT-EUR,CRO-USDT,CRO-EUR,0.81%,0.18%,0.032787776963490445,18.135137749816717,BitRoute,1.0081285022729491,0,15/01/2021,23:49:12,Blocked,3186,4
d1b023139eef436a88434ddf8c6cccbd,USDT-EUR,CRO-USDT,CRO-EUR,0.58%,-0.10%,-0.00967506042850888,9.968150214447737,BitRoute,1.005827288382004,0,15/01/2021,23:51:38,Blocked,3228,4
b557a2059979481791838a1fe9700634,USDT-EUR,CRO-USDT,CRO-EUR,0.57%,-0.12%,-0.021222307743283125,18.135137749816717,BitRoute,1.005662440126774,0,15/01/2021,23:52:34,Blocked,3245,4
7745eebaaeb4498691e34515327ddc72,USDT-USD,BAND-USDT,BAND-USD,0.99%,0.24%,0.0585516320555747,24.867265119302026,BitRoute,1.00985236089866,0,15/01/2021,23:54:18,Blocked,3280,4
2e0913f4750948e4baac43af08326dd7,USDT-USD,CRO-USDT,CRO-USD,0.77%,0.02%,0.003905727981410117,25.682937739285745,BitRoute,1.007650529655171,0,15/01/2021,23:54:37,Blocked,3286,4
7f24e330e96b48d4b9947261b3cf260e,BTC-USDT,ECELL-BTC,ECELL-USDT,0.94%,0.19%,0.046883778018165116,24.120666784491977,BitRoute,1.0094444423932425,0,15/01/2021,23:55:37,Blocked,3305,4
b95a9663ead344148c704b2dc6727847,USDT-EUR,CRO-USDT,CRO-EUR,0.74%,0.09%,0.016172438697935467,18.135137749816717,BitRoute,1.0073711329238697,0,15/01/2021,23:57:33,Blocked,3342,4
2f7815b2716e4e56a5cf147c80f2cb81,USDT-USD,CRO-USDT,CRO-USD,0.74%,-0.01%,-0.0015147620220900269,25.714455254770645,BitRoute,1.0074383273471659,0,16/01/2021,00:04:27,Blocked,3454,4
59065530fe3d4ed7952f33c3924761fe,BTC-USDT,4ART-BTC,4ART-USDT,0.52%,-0.23%,-0.06034472221473983,26.58940908720395,BitRoute,1.0052291946979854,11-16,16/01/2021,00:09:55,Blocked,3538,4
2ba7a7d1bd4646278fa7916175ace019,BTC-USDT,ECELL-BTC,ECELL-USDT,3.33%,2.58%,0.6245036371912119,24.189230362617305,BitRoute,1.0332965229206832,0,16/01/2021,00:10:53,Blocked,3553,4
27c86e29886f4eb0a4b4326e75a31e9c,BTC-USDT,ECELL-BTC,ECELL-USDT,1.76%,1.01%,0.2434735680047607,24.20979943605491,BitRoute,1.0175594500172518,0,16/01/2021,00:14:48,Blocked,3610,4
ce6210b31fa746179e7f90aff79cf300,USDT-USD,CRO-USDT,CRO-USD,2.25%,1.50%,0.3860754196633591,25.711055772466448,BitRoute,1.0225159302317255,0,16/01/2021,00:33:07,Blocked,3839,4
94ac58222d6345d384b22bb6464d0aad,ETH-USDT,XLM-ETH,XLM-USDT,0.40%,-0.35%,-0.0892996378417965,25.62487572039457,BitRoute,1.0040077576710746,0,16/01/2021,06:07:11,Blocked,380,5
2f0e3bcc58cf494da4906d7f1e4a0318,BTC-USDT,LMCH-BTC,LMCH-USDT,0.49%,-0.26%,-0.06609874138276392,25.193997567152138,BitRoute,1.004875159270272,0,16/01/2021,06:10:11,Blocked,432,5
e0e67f938b49451bb937b9411990ee5b,BTC-USDT,ELA-BTC,ELA-USDT,0.48%,-0.27%,-0.06913863065062302,25.376548228362736,BitRoute,1.0047732879690126,0,16/01/2021,06:42:54,Blocked,1070,5
9049487b0b544deda5a0b876b566f665,BTC-USDT,ECELL-BTC,ECELL-USDT,0.69%,-0.06%,-0.013802953519454264,23.207847670709352,BitRoute,1.0069024339686354,0,16/01/2021,06:54:14,Blocked,1314,5
985373292e324119a5388e68a3c6a39e,BTC-USDT,LBC-BTC,LBC-USDT,0.44%,-0.31%,-0.07936464838154329,25.624604027170896,BitRoute,1.0044007413538956,0,16/01/2021,07:06:39,Blocked,1580,5
e9279a95dbf24afa8da3c482d258afba,BTC-USDT,KLV-BTC,KLV-USDT,0.48%,-0.27%,-0.036786450288910214,13.755026249999998,BitRoute,1.004825599405703,11-15,16/01/2021,07:23:23,Blocked,1921,5
f16b71fc90a74b0ba7100ec2ac2cf409,BTC-USDT,KLV-BTC,KLV-USDT,0.77%,0.02%,0.0029225301078831807,13.628543248022355,BitRoute,1.0077115368598921,20-24,16/01/2021,07:24:01,Blocked,1931,5
8c5c572d2bec4a35a70707c941d372fd,BTC-USDT,LBC-BTC,LBC-USDT,0.51%,-0.24%,-0.06022390681783205,25.471638247155038,BitRoute,1.0051349727625194,0,16/01/2021,07:24:13,Blocked,1934,5
a2be37af4416403d8de35c98a67a714b,BTC-USDT,KLV-BTC,KLV-USDT,0.94%,0.19%,0.05016689575096262,25.7650055,BitRoute,1.009442317872319,126-130,16/01/2021,07:27:48,Blocked,2000,5
4ac622fa7b86470eb45b05c23d1feb29,BTC-USDT,KLV-BTC,KLV-USDT,0.97%,0.22%,0.05568927529755169,25.7650055,BitRoute,1.0096508050135264,0-4,16/01/2021,07:31:46,Blocked,2085,5
0dd1e4973de64989a604d7cc45c6c704,ETH-USDT,CRO-ETH,CRO-USDT,0.44%,-0.31%,-0.07875370819489537,25.75579946448239,BitRoute,1.0044390454896754,0,16/01/2021,07:37:50,Blocked,2198,5
5e02084ea2e84de58fd6c27381e99880,BTC-USDT,BTCV-BTC,BTCV-USDT,0.70%,-0.05%,-0.007762525719939767,14.566954191677999,BitRoute,1.006967454164588,124-128,16/01/2021,07:38:59,Blocked,2213,5
00893a6beb7b41118a5bdc4d7f891fd0,BTC-USDT,BTCV-BTC,BTCV-USDT,0.50%,-0.25%,-0.03633266575433869,14.566954191677999,BitRoute,1.0050098634836382,0,16/01/2021,07:39:07,Blocked,2215,5
d62589d8257b4e7caf0bcb91e001b3f1,BTC-USDT,BTCV-BTC,BTCV-USDT,0.40%,-0.35%,-0.05057347937666739,14.566954191677999,BitRoute,1.0040280204462746,0-4,16/01/2021,07:39:20,Blocked,2219,5
22e913fad5cb4cebb68277d8fd63b012,BTC-USDT,BTCV-BTC,BTCV-USDT,0.41%,-0.34%,-0.049740297694596564,14.566954191677999,BitRoute,1.004085149393219,9-12,16/01/2021,07:39:39,Blocked,2224,5
249b6f8b0dfd4265abe6c7bb1801c6ee,BTC-USDT,BTCV-BTC,BTCV-USDT,0.42%,-0.33%,-0.04765682527571928,14.566954191677999,BitRoute,1.0042267897938142,0-5,16/01/2021,07:40:22,Blocked,2238,5
e4f1962e682f4ec484f5d9c764d31c33,BTC-USDT,BTCV-BTC,BTCV-USDT,0.40%,-0.35%,-0.050625528138949175,14.566954191677999,BitRoute,1.00402403331249,0,16/01/2021,07:48:13,Blocked,2383,5
20d1374af2814a4d9405461172dd470f,BTC-USDT,KDA-BTC,KDA-USDT,3.47%,2.72%,0.7016008701825088,25.758825695178484,BitRoute,1.0347383407433008,0,16/01/2021,07:48:45,Blocked,2394,5
19b7182f1b554b0396aa3b20688e3677,BTC-USDT,BTCV-BTC,BTCV-USDT,0.53%,-0.22%,-0.031658289758403936,14.566954191677999,BitRoute,1.005328827786119,13-17,16/01/2021,07:52:02,Blocked,2462,5
8ab74b54fe764d23888187be619afe42,BTC-USDT,BTCV-BTC,BTCV-USDT,0.44%,-0.31%,-0.04491254085892574,14.566954191677999,BitRoute,1.0044154861885477,0-4,16/01/2021,07:52:16,Blocked,2466,5
014c23ff9b1547efb126920c9f786632,BTC-USDT,BTCV-BTC,BTCV-USDT,0.42%,-0.33%,-0.04741219926448477,14.566954191677999,BitRoute,1.0042445578245205,0,16/01/2021,07:52:23,Blocked,2468,5
0a8718af138941d19987954297165485,BTC-USDT,BTCV-BTC,BTCV-USDT,0.44%,-0.31%,-0.044597412553058234,14.566954191677999,BitRoute,1.0044382988684593,4-8,16/01/2021,07:52:41,Blocked,2473,5
1a4254d8d574447eb98d333a6dc73bd7,BTC-USDT,BTCV-BTC,BTCV-USDT,0.43%,-0.32%,-0.04618114313786166,14.566954191677999,BitRoute,1.0043271598354584,0,16/01/2021,07:52:49,Blocked,2475,5
6ac1280e83de417fbacd38d0d2228ec9,ETH-USDT,HBAR-ETH,HBAR-USDT,2.94%,2.19%,0.5621379134317909,25.652678715151712,BitRoute,1.029420776655266,0,16/01/2021,08:43:05,Blocked,3527,5
d5d158b2de7d4d76b347c4b6cae0911c,BTC-USDT,GNC-BTC,GNC-USDT,2.10%,1.35%,0.2392162136541089,17.70487488,BitRoute,1.0210391615509846,0,16/01/2021,09:00:22,Blocked,3882,5
e0e826e659d34aae9056a7371a214cf8,BTC-USDT,ECELL-BTC,ECELL-USDT,1.55%,0.80%,0.18075572585846744,22.633049520337305,BitRoute,1.0154826627908404,0,16/01/2021,09:01:15,Blocked,3901,5
377e03b40c3a4a42af99cd9359d656fd,ETH-USDT,WAXP-ETH,WAXP-USDT,0.41%,-0.34%,-0.031787151586530484,9.308716706094424,BitRoute,1.004082642525501,0,16/01/2021,09:06:47,Blocked,3996,5
89ed3a44138e4ea8ba4c6a4ab60f0751,ETH-USDT,CRO-ETH,CRO-USDT,0.42%,-0.33%,-0.08422096054432852,25.691370664205213,BitRoute,1.0042197970093167,0,16/01/2021,09:08:39,Blocked,4036,5
3dda2460825346e0ab3bf6afdf754b05,ETH-USDT,CRO-ETH,CRO-USDT,0.42%,-0.33%,-0.08385869549109498,25.701841687706647,BitRoute,1.0042349584436,0,16/01/2021,09:09:47,Blocked,4059,5
52d7829d38fe4db2a916d88b6b28c92c,BTC-USDT,ENJ-BTC,ENJ-USDT,0.41%,-0.34%,-0.08643227134387349,25.66470694680898,BitRoute,1.0041318578983622,0,16/01/2021,09:14:37,Blocked,4163,5
0e47426571cf4a009b79be6a1df7a215,BTC-USDT,GRIN-BTC,GRIN-USDT,1.82%,1.07%,0.25227275187731674,23.52926178993465,BitRoute,1.0182124117248783,0,16/01/2021,09:18:26,Blocked,4245,5
7001f3f36734428bb2cff26ee3614320,ETH-USDT,CRO-ETH,CRO-USDT,0.53%,-0.22%,-0.05723690387634209,25.634419184122528,BitRoute,1.0052653620964995,0,16/01/2021,09:27:51,Blocked,4440,5
ebd5a7a500f241e997031d826bf0fd4d,BTC-USDT,GNC-BTC,GNC-USDT,1.19%,0.44%,0.11367308821759875,25.7650055,BitRoute,1.01190093056237,0,16/01/2021,09:31:36,Blocked,4512,5
517f884051e64d478ad92f75dbbb131a,BTC-USDT,LBC-BTC,LBC-USDT,0.99%,0.24%,0.061878455467542615,25.560994087595912,BitRoute,1.0099208156673392,0,16/01/2021,11:03:55,Blocked,6415,5
e35620539e4644fe8c1a39e478131c95,ETH-USDT,XLM-ETH,XLM-USDT,0.44%,-0.31%,-0.08042297742480957,25.7650055,BitRoute,1.004379773203052,0,16/01/2021,11:56:54,Blocked,7511,5
75ab7b885f664ecd8ce51ff2c318d356,BTC-USDT,DFI-BTC,DFI-USDT,0.47%,-0.28%,-0.07291302016277079,25.75410343132682,BitRoute,1.0046681356691958,0,16/01/2021,12:33:10,Blocked,8260,5
c9169489199e4b9082c3256759851432,BTC-USDT,CRO-BTC,CRO-USDT,0.56%,-0.19%,-0.04954184850808446,25.739934303175716,BitRoute,1.0055752923400576,0,16/01/2021,14:22:35,Blocked,93,6
95bbb29d321d456db3030c1eab375eed,ETH-USDT,WAXP-ETH,WAXP-USDT,0.41%,-0.34%,-0.043643883922416686,12.859154681469867,BitRoute,1.004103758007889,41-45,16/01/2021,14:25:05,Blocked,137,6
a88fa600416143128250286bf5366afe,ETH-USDT,WAXP-ETH,WAXP-USDT,0.44%,-0.31%,-0.039307596209864085,12.859154681469867,BitRoute,1.0044354107942253,0-4,16/01/2021,14:25:32,Blocked,146,6
4d13869b9ea7470595e60a493b43c4a1,ETH-USDT,CRO-ETH,CRO-USDT,0.79%,0.03%,0.0032986172154295945,10.04528279694302,BitRoute,1.0078515493192852,0,16/01/2021,14:26:42,Blocked,168,6
cebd7cfd4b6e4e9ab24e6e00756f181b,BTC-USDT,DAI-BTC,DAI-USDT,0.49%,-0.26%,-0.06777277892158964,25.754092956620568,BitRoute,1.0048649289990923,0,16/01/2021,14:27:31,Blocked,184,6
2ed3f3e15fc440279b4cfa6ad3216b02,BTC-USDT,ALGO-BTC,ALGO-USDT,0.50%,-0.25%,-0.02493364710780796,9.974999999952619,BitRoute,1.004998606949384,0,16/01/2021,14:27:35,Blocked,185,6
5d493bda3204491390abfb635ff37aed,BTC-USDT,AAVE-BTC,AAVE-USDT,1.91%,1.16%,0.2852155087037912,24.496364223172744,BitRoute,1.0191077474677075,0,16/01/2021,14:47:21,Blocked,589,6
9225a493198a4eb0a59da4d31d5b265a,BTC-USDT,KLV-BTC,KLV-USDT,0.44%,-0.31%,-0.04446895522131983,14.2293375,BitRoute,1.0043748400815349,0-3,16/01/2021,15:20:08,Blocked,1185,6
fbbbd629201740bc9cc4f86b63395aa3,BTC-USDT,CRO-BTC,CRO-USDT,0.42%,-0.33%,-0.0843813518114172,25.74503373465072,BitRoute,1.0042217579629389,0-4,16/01/2021,15:39:07,Blocked,1582,6
80e3fc4666f844119fc3146a535574e5,BTC-USDT,KLV-BTC,KLV-USDT,0.58%,-0.17%,-0.023292124557606098,13.432619115836435,BitRoute,1.005765317687108,45-49,16/01/2021,15:42:18,Blocked,1645,6
8f8532425a8c4420899a22ce6c24f4cc,BTC-USDT,KLV-BTC,KLV-USDT,0.41%,-0.34%,-0.08726921865684747,25.4512125,BitRoute,1.0040699399353872,4-9,16/01/2021,15:49:11,Blocked,1786,6
68f98aed907c4b1a81dcc20cb24c7706,BTC-USDT,KLV-BTC,KLV-USDT,0.55%,-0.20%,-0.0507917748457852,25.7650055,BitRoute,1.0055252647996489,0-3,16/01/2021,15:49:26,Blocked,1791,6
c6634463f17b436b8feac1d5e007cd50,ETH-USDT,CRO-ETH,CRO-USDT,1.01%,0.26%,0.06687549984824126,25.50579485009116,BitRoute,1.0101194083408285,0,16/01/2021,15:51:40,Blocked,1837,6
15516f3a41724d20a3106889425891ad,BTC-USDT,CRO-BTC,CRO-USDT,0.50%,-0.25%,-0.06305818492072035,25.56771236267727,BitRoute,1.005032404384655,0,16/01/2021,15:51:41,Blocked,1837,6
29bae655598f470e9f694a0a35d05d05,ETH-USDT,CRO-ETH,CRO-USDT,0.47%,-0.28%,-0.07296785105932617,25.625999565941683,BitRoute,1.0046532964447212,0,16/01/2021,16:08:48,Blocked,2169,6
41b5cca1291743a581d999beb895ca68,BTC-USDT,INX-BTC,INX-USDT,0.41%,-0.34%,-0.05797160374002476,16.86957066850869,BitRoute,1.0040621382292574,11-15,16/01/2021,16:23:25,Blocked,2455,6
442a2ce7e1d8495ab6dd0726345d0283,BTC-USDT,INX-BTC,INX-USDT,0.43%,-0.32%,-0.08047249761622167,25.312002066656675,BitRoute,1.0043188816038906,14-18,16/01/2021,16:24:01,Blocked,2466,6
030a3ffdacba48bc9f059b3234979058,BTC-USDT,DFI-BTC,DFI-USDT,0.44%,-0.31%,-0.049320039614141234,16.147055186107753,BitRoute,1.004445570629091,0,16/01/2021,16:31:15,Blocked,2616,6
5d88f8eeba1f4a6f9ed39c783c0bebd2,BTC-USDT,AAVE-BTC,AAVE-USDT,2.30%,1.55%,0.2312813235765017,14.9624980718325,BitRoute,1.0229657412454884,0-4,16/01/2021,16:33:41,Blocked,2667,6
6815f5e965994bc99aaaf42fb0a24249,BTC-USDT,ALGO-BTC,ALGO-USDT,0.82%,0.07%,0.0185313711897058,25.38707187822629,BitRoute,1.008227486911644,0,16/01/2021,20:25:24,Blocked,233,7
e043b2682a494df2b87263971fd779f9,ETH-USDT,WAXP-ETH,WAXP-USDT,0.42%,-0.32%,-0.057310209601716,17.662692516790152,BitRoute,1.0042485811088249,0-5,16/01/2021,20:34:00,Blocked,364,7
9fd2740c386c4f599454211ce86a6578,ETH-USDT,WAXP-ETH,WAXP-USDT,0.43%,-0.32%,-0.040994311628266916,12.859154681469867,BitRoute,1.0043117558601649,0,16/01/2021,20:37:15,Blocked,409,7
cfe822c8ebcb42aca89a5c656ac8afb3,ETH-USDT,CRO-ETH,CRO-USDT,0.52%,-0.23%,-0.058413625220581876,25.7650055,BitRoute,1.0052351016908418,0,16/01/2021,20:42:01,Blocked,478,7
93cebe2e30b94ef9803d66c2a8161eaf,ETH-USDT,XRP-ETH,XRP-USDT,0.41%,-0.34%,-0.08828931892089167,25.74594276711617,BitRoute,1.0040666478676827,0,16/01/2021,20:57:41,Blocked,718,7
5edc3aacf47248429fd895d88f895593,ETH-USDT,CRO-ETH,CRO-USDT,0.63%,-0.12%,-0.03100869544055116,25.40912713451457,BitRoute,1.0062645388886584,0,16/01/2021,20:59:09,Blocked,738,7
db7fa96d436f4bcf8521e55efa40cb15,BTC-USDT,DFI-BTC,DFI-USDT,0.45%,-0.30%,-0.07834025111641353,25.7650055,BitRoute,1.0044586738169727,0,16/01/2021,21:01:55,Blocked,780,7
2a35d56534de425fb8050dcff0d40434,BTC-USDT,DFI-BTC,DFI-USDT,0.68%,-0.07%,-0.017004411171702455,25.7650055,BitRoute,1.0068483704560314,9-14,16/01/2021,21:02:37,Blocked,790,7
9b25db27e98740b589d802c427ee64bd,BTC-USDT,IRIS-BTC,IRIS-USDT,5.97%,5.25%,0.9344032728185462,17.793405000000003,BitRoute,1.0597359853391142,0,16/01/2021,21:03:10,Blocked,798,7
01cbfc5eda464cd7ad117e106d9248e3,ETH-USDT,CRO-ETH,CRO-USDT,0.50%,-0.25%,-0.06475441224641347,25.621637052956746,BitRoute,1.0049663724650484,0,16/01/2021,21:39:53,Blocked,1510,7
fb5ae6e9bc5b40cc9f1557ec071145ba,BTC-USDT,CRO-BTC,CRO-USDT,0.44%,-0.31%,-0.07830906094982006,25.65369634502791,BitRoute,1.004446222518543,0,16/01/2021,22:05:48,Blocked,2017,7
ea1e0810332b45519b22ad5ab3f49506,BTC-USDT,CRO-BTC,CRO-USDT,0.50%,-0.25%,-0.06454599378097836,25.55101286934245,BitRoute,1.0049738381562,0,16/01/2021,22:35:00,Blocked,2594,7
0be0763e4b01425b80a82f1ef8ef0d26,ETH-USDT,CRO-ETH,CRO-USDT,0.57%,-0.18%,-0.04644208966281943,25.602931356718198,BitRoute,1.005686748656521,0,16/01/2021,23:00:18,Blocked,3078,7
e434450881fe450f8566c5d37605d3fa,ETH-USDT,CRO-ETH,CRO-USDT,0.40%,-0.35%,-0.08092357530114355,23.21561054202765,BitRoute,1.0040132313173045,0,16/01/2021,23:16:37,Blocked,3385,7
320b6b362ee547d7bd21630432629ca1,ETH-USDT,CRO-ETH,CRO-USDT,0.77%,0.02%,0.0052293217424752006,25.7650055,BitRoute,1.0076904629278047,0,16/01/2021,23:31:08,Blocked,3652,7
23b21368e1584848ad46ff408383f9c3,ETH-USDT,CRO-ETH,CRO-USDT,0.80%,0.05%,0.005228316710177261,9.836194313925,BitRoute,1.0080135980377067,0,16/01/2021,23:33:22,Blocked,3689,7
b0dffc816ef344de88a582a00eaa3621,BTC-USDT,BTCV-BTC,BTCV-USDT,0.58%,-0.17%,-0.04293709663272993,25.722274411033354,BitRoute,1.0058338918594645,20-26,16/01/2021,23:38:32,Blocked,3768,7
5aa14478d362417da1a3c8ee49deef80,BTC-USDT,CRO-BTC,CRO-USDT,0.62%,-0.13%,-0.03404555279816324,25.7650055,BitRoute,1.0061797367888077,0,16/01/2021,23:43:38,Blocked,3867,7
3e84cd4109fc423bb3b042d83fe1237a,BTC-USDT,BWF-BTC,BWF-USDT,2.35%,1.60%,0.18761623409091005,11.732269059294998,BitRoute,1.0234826424613421,0,16/01/2021,23:55:20,Blocked,4103,7
89610894b24e45119b5174f96441bdbe,BTC-USDT,BWF-BTC,BWF-USDT,1.84%,1.09%,0.12796137258767695,11.732269059294998,BitRoute,1.0184067880645715,0,16/01/2021,23:56:22,Blocked,4124,7
59d55c9eb1c849ba84ae452dd2f32bfd,BTC-USDT,BWF-BTC,BWF-USDT,2.19%,1.45%,0.16953505134267105,11.732269059294998,BitRoute,1.021937531190971,0,16/01/2021,23:56:56,Blocked,4135,7
e5c0a2f6d6d14fd2b99f204d0e2b2d9d,BTC-USDT,LBC-BTC,LBC-USDT,0.45%,-0.30%,-0.04443257247731758,14.692750016096266,BitRoute,1.0044754385934638,0,16/01/2021,23:57:40,Blocked,4150,7
d283a7db945c4fdfbf1b77048bb8e128,BTC-USDT,DFI-BTC,DFI-USDT,0.48%,-0.27%,-0.07044766947515699,25.72823403044922,BitRoute,1.004761113155079,0,16/01/2021,23:58:04,Blocked,4158,7
dd46198558164a1ea582736f2933efe9,ETH-USDT,WAXP-ETH,WAXP-USDT,0.42%,-0.33%,-0.04560506428029034,13.694551597678135,BitRoute,1.0041699059437883,0-10,17/01/2021,00:04:51,Blocked,4275,7
db0f4b8580274ee496cbcbad463b21e1,BTC-USDT,DAI-BTC,DAI-USDT,1.11%,0.36%,0.09344100032251736,25.7650055,BitRoute,1.0111186672876482,0,17/01/2021,00:07:24,Blocked,4295,7
1f27ea5cc91b4a3fac1eda2b9a254dc7,BTC-USDT,DCR-BTC,DCR-USDT,0.63%,-0.12%,-0.031369922926653526,25.60748716141793,BitRoute,1.0062764363067902,32-44,17/01/2021,00:07:38,Blocked,4296,7
1d6f78f4d90647a2bd88a73c007cf2d2,BTC-USDT,DAI-BTC,DAI-USDT,0.80%,0.05%,0.0140743880194851,25.7650055,BitRoute,1.0080458125466532,0,17/01/2021,00:08:00,Blocked,4300,7
62a1f76bb9a34ba8b0c2dc7c0150801f,BTC-USDT,DAI-BTC,DAI-USDT,0.65%,-0.10%,-0.02534525379058556,25.68868978116841,BitRoute,1.0065120535681609,0,17/01/2021,00:08:50,Blocked,4310,7
82100d08f257442aba58b7830cab144e,ETH-USDT,CRO-ETH,CRO-USDT,0.40%,-0.35%,-0.08898447302348161,25.54154312181475,BitRoute,1.0040111235009952,0,17/01/2021,00:55:44,Blocked,12,8
6d1aef1bdb1d4e69b28a844128d8306c,ETH-USDT,CRO-ETH,CRO-USDT,0.45%,-0.30%,-0.07736884336343673,25.554395412077685,BitRoute,1.004465112531572,0,17/01/2021,00:56:01,Blocked,15,8
544cfb74269849ce90438a858601c07c,BTC-USDT,CRO-BTC,CRO-USDT,0.57%,-0.18%,-0.04674389521851519,25.666106305592432,BitRoute,1.0056787695153626,0,17/01/2021,01:44:49,Blocked,992,8
3b815e84fd964f099d0c1aa195fc5853,BTC-USDT,GRT-BTC,GRT-USDT,0.75%,0.00%,0.0009931892774890927,25.500880809045572,BitRoute,1.0075387642979925,0,17/01/2021,02:00:28,Blocked,262,9
209c6642cc21485ba599788f0d2163af,ETH-USDT,AAVE-ETH,AAVE-USDT,1.23%,0.48%,0.11657916992536033,24.16892511010425,BitRoute,1.0123102109589783,0,17/01/2021,02:04:09,Blocked,335,9
4dbdcbf19b654ae2814f611245742c5e,BTC-USDT,HBAR-BTC,HBAR-USDT,0.80%,0.05%,0.005308577292852404,9.974999999900922,BitRoute,1.0080305651361527,0,17/01/2021,02:25:56,Blocked,729,9
77d4a4dcbfdf4195b5c6b27a4e645150,BTC-USDT,LBC-BTC,LBC-USDT,1.53%,0.78%,0.19464104360365328,24.87612022096657,BitRoute,1.0153119121319156,0,17/01/2021,02:49:39,Blocked,1216,9
088c688e3fef40dcb885f3b49383c890,BTC-USDT,LBC-BTC,LBC-USDT,1.37%,0.62%,0.08097830530936641,12.986164337084825,BitRoute,1.0137264748934944,0,17/01/2021,02:53:36,Blocked,1296,9
e31fadc8ca1441dbb18527f84459315a,BTC-USDT,LBC-BTC,LBC-USDT,1.50%,0.75%,0.19073228703300893,25.52633159275301,BitRoute,1.0149671377195937,0,17/01/2021,02:55:13,Blocked,1328,9
a2d10e94c2a64e8297e6f0ae6aa82862,ETH-USDT,BSV-ETH,BSV-USDT,0.49%,-0.26%,-0.06604084923137879,25.699855020788288,BitRoute,1.0049295348355731,0,17/01/2021,02:55:19,Blocked,1330,9
4d49917d16114853b835e82ea95207ac,ETH-USDT,CRO-ETH,CRO-USDT,0.86%,0.12%,0.02972073542887502,25.7650055,BitRoute,1.0086440738932707,0,17/01/2021,02:58:29,Blocked,1391,9
84327b23d0c046b4a658e19c183043d0,ETH-USDT,CRO-ETH,CRO-USDT,0.46%,-0.29%,-0.07465363130768768,25.756255289445658,BitRoute,1.004600629428348,0,17/01/2021,02:58:42,Blocked,1395,9
c3c594dfaa13416e82f5d4d32770ffa2,BTC-USDT,LBC-BTC,LBC-USDT,1.53%,0.78%,0.19879678590399202,25.53039405,BitRoute,1.0152828629391817,0,17/01/2021,03:06:04,Blocked,1546,9
ed40fa41acfe457e8097152ec829c252,ETH-USDT,ENJ-ETH,ENJ-USDT,0.65%,-0.10%,-0.024489916610686613,25.560014107799397,BitRoute,1.00653833507137,0,17/01/2021,03:42:17,Blocked,146,10
9d661e7a810e4b31874513dced5fe7b9,ETH-USDT,XMR-ETH,XMR-USDT,1.02%,0.27%,0.06450707156547594,23.860870703307352,AskRoute,0.9049072246904736,0,17/01/2021,04:00:48,Blocked,0,11
91459102ad364f46bafb09d83aee9627,ETH-USDT,XMR-ETH,XMR-USDT,1.15%,0.40%,0.09560039747950858,23.860870703307352,AskRoute,0.9037728148656676,0,17/01/2021,04:01:03,Blocked,0,11
320f7fb68e1e4d749458ff2004afc788,ETH-USDT,XMR-ETH,XMR-USDT,1.12%,0.37%,0.08941413157970432,23.860870703307352,AskRoute,0.9046800653546296,16-19,17/01/2021,04:01:39,Blocked,5,12
38a87e36bfea4af8a5e91d7b930bb0bc,ETH-USDT,XMR-ETH,XMR-USDT,1.42%,0.67%,0.16104126422387685,23.860870703307352,AskRoute,0.9025377916250787,138-142,17/01/2021,04:08:11,Blocked,32,13
0a298481570f4b39ba6ed8d1f87b1f55,BTC-USDT,EXE-BTC,EXE-USDT,0.70%,-0.05%,-0.008192067074249632,15.020449984816418,AskRoute,0.923414331063468,21-27,17/01/2021,04:09:14,Blocked,7,14
cc6b97477e4345e09d092d82e65f8592,ETH-USDT,XMR-ETH,XMR-USDT,1.43%,0.68%,0.16193006334905705,23.860870703307352,AskRoute,0.9022107580529796,33-38,17/01/2021,04:09:17,Blocked,8,14
ab343b6867284faab0b5612047b15a7d,BTC-USDT,LBC-BTC,LBC-USDT,1.32%,0.57%,0.05404522591665227,9.490615530386837,BidRoute,1.0131906580536252,0,17/01/2021,04:29:55,Blocked,67,15
76050af770d6475bbfcfc0c737509638,ETH-USDT,XMR-ETH,XMR-USDT,0.69%,-0.06%,-0.013867340070197298,23.860870703307352,AskRoute,0.9090911854051787,1330-1334,17/01/2021,04:44:37,Blocked,292,15
28f711f223ab4d19aa3506518f2690d1,ETH-USDT,XMR-ETH,XMR-USDT,0.61%,-0.14%,-0.03402239243225735,23.860870703307352,AskRoute,0.909594038712678,0,17/01/2021,04:45:07,Blocked,302,15
c1175cb52060429890830f11884b911d,ETH-USDT,CRO-ETH,CRO-USDT,1.02%,0.27%,0.06495431999083259,24.3409112482021,BidRoute,1.0101579279009991,0,17/01/2021,04:47:21,Blocked,335,15
fa37a9a6b8454253a89e7b0fb13c1cd5,BTC-USDT,AAVE-BTC,AAVE-USDT,1.96%,1.21%,0.2863584348826842,23.713517874344312,BidRoute,1.0195654114482533,0,17/01/2021,04:53:39,Blocked,423,15
eaf0c83286a8453aabc505b72cdfbae9,ETH-USDT,XMR-ETH,XMR-USDT,0.70%,-0.05%,-0.010999624249683732,23.860870703307352,AskRoute,0.9093260506606664,542-548,17/01/2021,04:54:25,Blocked,431,15
c14ecb07b35746bfa800abc01f5fcf6c,ETH-USDT,XMR-ETH,XMR-USDT,0.60%,-0.15%,-0.035599290970217363,23.860870703307352,AskRoute,0.9095673079691178,0-4,17/01/2021,04:55:35,Blocked,451,15
030c91f9b6ae4dd89bdd3f63ccce7848,ETH-USDT,XMR-ETH,XMR-USDT,0.60%,-0.15%,-0.035361464151187134,23.860870703307352,AskRoute,0.9095673208600464,0-4,17/01/2021,04:55:49,Blocked,455,15
aeccd67661a54d758c19cb4e5282354e,ETH-USDT,XMR-ETH,XMR-USDT,0.67%,-0.08%,-0.01959576096282733,23.860870703307352,AskRoute,0.908759041862466,248-251,17/01/2021,05:00:07,Blocked,519,15
9e1485a805284972bf0088261e925de7,ETH-USDT,XMR-ETH,XMR-USDT,0.62%,-0.13%,-0.031448469106125754,23.860870703307352,AskRoute,0.90944643920154,0,17/01/2021,05:00:21,Blocked,523,15
8411846bb9eb4a7298eddbc6273d5cc4,ETH-USDT,XMR-ETH,XMR-USDT,0.61%,-0.14%,-0.03302107664061507,23.860870703307352,AskRoute,0.9093093075191808,15-19,17/01/2021,05:03:19,Blocked,578,15
6f9730edcef74598bef1be1b9ae11b48,ETH-USDT,XMR-ETH,XMR-USDT,0.60%,-0.15%,-0.035617617855514844,23.860870703307352,AskRoute,0.9088914920344721,51-55,17/01/2021,05:04:53,Blocked,605,15
df51a1267e4b46788f2e598d30cc3eb9,ETH-USDT,XMR-ETH,XMR-USDT,0.70%,-0.05%,-0.012345832541271001,23.860870703307352,AskRoute,0.9090028164508028,63-67,17/01/2021,05:06:12,Blocked,625,15
5bdf9c82c80347ffbeb0b2f4875c9fe6,ETH-USDT,XMR-ETH,XMR-USDT,0.61%,-0.14%,-0.03263022883795974,23.860870703307352,AskRoute,0.9095511620424621,11-15,17/01/2021,05:07:11,Blocked,644,15
43762b3f38ab4c9f9800017599b6a8af,ETH-USDT,XMR-ETH,XMR-USDT,0.62%,-0.13%,-0.03185299181224298,23.860870703307352,AskRoute,0.9094284886024121,43-47,17/01/2021,05:08:22,Blocked,664,15
2797c84a48954a9e8525b9a4a43f06fc,ETH-USDT,XMR-ETH,XMR-USDT,0.62%,-0.13%,-0.031648410111252016,23.860870703307352,AskRoute,0.9093062942683264,70-74,17/01/2021,05:09:48,Blocked,687,15
449a2cbf78bf4586980a9dd45614fa6d,ETH-USDT,XMR-ETH,XMR-USDT,0.69%,-0.05%,-0.01309241684874421,23.860870703307352,AskRoute,0.9087956889809768,49-53,17/01/2021,05:11:04,Blocked,709,15
b0b025698b3c4b4d8590b65449919b22,BTC-USDT,GST-BTC,GST-USDT,16.44%,15.69%,2.587286884874424,16.485251703180076,BidRoute,1.1644455493588892,0,17/01/2021,05:12:50,Blocked,738,15
daddd41906554380a9a1dcaa6b05737d,ETH-USDT,XMR-ETH,XMR-USDT,0.81%,0.06%,0.013955812133568836,23.860870703307352,AskRoute,0.9075581185132819,491-495,17/01/2021,05:21:25,Blocked,871,15
1d2669bf385f4540ba7ae524aa340f98,ETH-USDT,XMR-ETH,XMR-USDT,0.65%,-0.10%,-0.02423013718216932,23.860870703307352,AskRoute,0.9088601511500024,259-262,17/01/2021,05:26:06,Blocked,943,15
c72e438025034eb8bf4e2f4083e8fe74,ETH-USDT,XMR-ETH,XMR-USDT,0.61%,-0.13%,-0.0321745032829015,23.860870703307352,AskRoute,0.9095775070160892,4-8,17/01/2021,05:26:21,Blocked,947,15
746ec6f59d0e4797a52ff0ad6e40435a,ETH-USDT,XMR-ETH,XMR-USDT,0.60%,-0.15%,-0.03480829878005362,23.860870703307352,AskRoute,0.9102017669924356,0-4,17/01/2021,05:26:48,Blocked,955,15
27bda878dbbf4efebfb39435f9df2a69,ETH-USDT,XMR-ETH,XMR-USDT,0.61%,-0.14%,-0.03290192795927238,23.860870703307352,AskRoute,0.909786648514327,0,17/01/2021,05:28:34,Blocked,989,15
6347cba8e621414c8ea713ad70569458,ETH-USDT,XMR-ETH,XMR-USDT,0.63%,-0.12%,-0.029092421917051636,23.860870703307352,AskRoute,0.9093622682740699,25-29,17/01/2021,05:29:36,Blocked,1006,15
329d5655dfb447d497d60fe212cd57d4,BTC-USDT,CRO-BTC,CRO-USDT,0.68%,-0.07%,-0.017049856253203568,24.52910818914227,BidRoute,1.0068009624594014,0,17/01/2021,05:33:50,Blocked,1091,15
84f42b36b1d64e76afdd0c9f0c494bd7,BTC-USDT,CRO-BTC,CRO-USDT,0.67%,-0.08%,-0.01873128988539011,24.50980497720337,BidRoute,1.0067316368816617,0,17/01/2021,05:34:28,Blocked,1102,15
64931b0d60634e079db15c97c03f1cb6,BTC-USDT,LBC-BTC,LBC-USDT,0.62%,-0.13%,-0.01656323054364646,12.986164336744073,BidRoute,1.0062223252053801,0,17/01/2021,05:53:38,Blocked,1449,15
39173412d3db442888119a4c6aba3cd2,BTC-USDT,AAVE-BTC,AAVE-USDT,2.69%,1.95%,0.4667396137774758,23.96216014624937,BidRoute,1.026939439216534,0-4,17/01/2021,05:58:13,Blocked,1537,15
45f36511ae1c4e33840497295ac96509,ETH-USDT,CRO-ETH,CRO-USDT,0.71%,-0.04%,-0.00877973722382755,24.32324735249284,BidRoute,1.0071318146613115,0,17/01/2021,06:15:21,Blocked,1770,15
246aa875e5684dbaa1a0cbb0880e8264,ETH-USDT,CRO-ETH,CRO-USDT,1.09%,0.35%,0.08481370447540354,24.55945688,AskRoute,0.9875450593157536,0,17/01/2021,06:16:42,Blocked,1783,15
7eea2bc2877c47d492b832d397b99769,ETH-USDT,XMR-ETH,XMR-USDT,0.65%,-0.10%,-0.02276013225971177,23.860870703307352,AskRoute,0.9089700408287976,1264-1268,17/01/2021,06:23:04,Blocked,1847,15
8e598d29d00840d7ad48f1b462347c4c,ETH-USDT,CRO-ETH,CRO-USDT,0.74%,-0.01%,-0.003383802249692257,24.41879575745681,BidRoute,1.0073591250878948,0,17/01/2021,06:24:40,Blocked,1872,15
8193092a365948c6ab29620ff6e13e42,ETH-USDT,CRO-ETH,CRO-USDT,0.74%,-0.01%,-0.0032354991424492496,24.429710347258663,BidRoute,1.007362166183844,0,17/01/2021,06:24:48,Blocked,1874,15
482e2b500b1e42b2ae408e50451dcd53,ETH-USDT,CRO-ETH,CRO-USDT,0.78%,0.03%,0.007621377306254452,24.437267507358648,BidRoute,1.0078068671749787,0,17/01/2021,06:25:01,Blocked,1877,15
05a12ee0303345bd9edc35f9a5a377a3,ETH-USDT,XMR-ETH,XMR-USDT,0.66%,-0.09%,-0.020461985190839388,23.860870703307352,AskRoute,0.9087518930247028,363-368,17/01/2021,06:35:27,Blocked,2016,15
738c4d07bd2e43c0ba4ddf66b5f556fb,BTC-USDT,CRO-BTC,CRO-USDT,0.68%,-0.07%,-0.01824675430829273,24.41783049225507,BidRoute,1.0067501233133394,0,17/01/2021,06:37:34,Blocked,2049,15
2839a14874b04565ad26e992086c518b,ETH-USDT,CRO-ETH,CRO-USDT,0.65%,-0.10%,-0.024963762770546263,24.489241040885386,BidRoute,1.0064804647403718,0,17/01/2021,06:40:13,Blocked,2090,15
8bd78a59b49948a4b9766cc8b66139ae,BTC-USDT,AAVE-BTC,AAVE-USDT,2.82%,2.08%,0.25152099507549225,12.116615757710626,BidRoute,1.0282452575469576,0,17/01/2021,06:51:33,Blocked,2268,15
9ef762dde8124142b0f2c53bd634b24e,BTC-USDT,DOT-BTC,DOT-USDT,0.66%,-0.09%,-0.022325333986766,24.55945688,AskRoute,0.9911512630996248,0,17/01/2021,07:16:00,Blocked,2758,15
a9b109f946f0485ab40fb1f1dd4151b2,ETH-USDT,SOLVE-ETH,SOLVE-USDT,0.98%,0.23%,0.05596131110314126,24.41311907815613,AskRoute,0.9312647930406006,0,17/01/2021,07:17:29,Blocked,2788,15
4cce0da2978f40418f0ee66a5d14ec23,BTC-USDT,LBC-BTC,LBC-USDT,0.73%,-0.02%,-0.002926718582757905,13.163166318981107,BidRoute,1.0072738625528384,0,17/01/2021,07:18:35,Blocked,2807,15
ceb6176dc516403895fa790374aff639,BTC-USDT,LBC-BTC,LBC-USDT,0.74%,-0.01%,-0.0019411616332171977,13.163166318981107,BidRoute,1.0073582335466689,0,17/01/2021,07:24:36,Blocked,2909,15
df417176a4bd409783eeac695b60d2c5,BTC-USDT,LBC-BTC,LBC-USDT,0.61%,-0.14%,-0.03342690168092868,24.35506111434556,BidRoute,1.006128460248513,31-35,17/01/2021,07:25:35,Blocked,2926,15
e12bd405c375459cb5e07887a02b949d,ETH-USDT,CRO-ETH,CRO-USDT,0.63%,-0.12%,-0.02881730833029217,24.55945688,AskRoute,0.9851842958171272,0,17/01/2021,07:31:49,Blocked,3054,15
c6c044b207184b7bb79d2be52439ba46,ETH-USDT,CRO-ETH,CRO-USDT,0.64%,-0.11%,-0.02729170521903493,24.55945688,AskRoute,0.9919771908479856,0,17/01/2021,07:32:05,Blocked,3059,15
4c48e59a7c8e4409b2fc5bc9d117155a,ETH-USDT,CRO-ETH,CRO-USDT,0.81%,0.06%,0.01503226289411702,24.55945688,AskRoute,0.9827834611928256,0,17/01/2021,07:41:31,Blocked,3245,15
2810b20dc3f247778807d01503030af0,BTC-USDT,KDA-BTC,KDA-USDT,0.73%,-0.02%,-0.0039137379908129035,24.55945688000001,BidRoute,1.0073358010741496,0,17/01/2021,07:42:54,Blocked,3272,15
f2976f19324844e0933d91005f390a36,ETH-USDT,CRO-ETH,CRO-USDT,0.65%,-0.10%,-0.025652411766503208,24.559456879999995,AskRoute,0.9904497704717744,0,17/01/2021,08:07:27,Blocked,3732,15
31de38098eff4f5f830f99a31985d5a4,BTC-USDT,CRO-BTC,CRO-USDT,0.60%,-0.15%,-0.03602365224844559,24.55945688,BidRoute,1.0060312189224596,0,17/01/2021,08:19:26,Blocked,3956,15
4a2931bbc56a420aa51a02b91d5b3654,ETH-USDT,CRO-ETH,CRO-USDT,0.72%,-0.02%,-0.00598415899311755,24.51232316183463,BidRoute,1.007244781674696,0,17/01/2021,08:25:16,Blocked,4048,15
0e499e56369d47948c647c4b93b3afd2,BTC-USDT,CRO-BTC,CRO-USDT,1.14%,0.39%,0.0951074461580877,24.55945688000001,BidRoute,1.0113667844756038,0,17/01/2021,08:25:18,Blocked,4048,15
9c51ec35752e4d1b9f7f2e13bbf334a7,ETH-USDT,CRO-ETH,CRO-USDT,0.61%,-0.14%,-0.034590292232479086,24.497419977356433,BidRoute,1.0060870837188838,0,17/01/2021,09:10:00,Blocked,4749,15
800b2be492964f46905ec5c39d44777f,ETH-USDT,CRO-ETH,CRO-USDT,0.70%,-0.05%,-0.012856495933340985,24.55945688,AskRoute,0.9883686149428096,0,17/01/2021,09:28:38,Blocked,5042,15
e828da9b5bcf4fb791bcdab0422a904d,BTC-USDT,ETC-BTC,ETC-USDT,0.91%,0.16%,0.03260817885114692,19.94999998500777,BidRoute,1.0091344951817371,0,17/01/2021,09:43:36,Blocked,5258,15
c6466eafda6246858f3854ab757d31fe,BTC-USDT,GRIN-BTC,GRIN-USDT,6.12%,5.38%,1.1291014618390964,21.00207385467314,BidRoute,1.0611950502964278,0,17/01/2021,09:44:07,Blocked,5264,15
3115580eb93940ad945a4c83f1908a22,BTC-USDT,AAVE-BTC,AAVE-USDT,1.75%,1.00%,0.1995194097322248,19.9303821675,BidRoute,1.0174940709206148,0,17/01/2021,09:53:38,Blocked,5407,15
315fcbc131294fabbb9466d4b91fe7a9,BTC-USDT,CRO-BTC,CRO-USDT,0.61%,-0.14%,-0.033769693163859284,24.471251136830002,AskRoute,0.987964128731928,0,17/01/2021,09:55:10,Blocked,5431,15
7fb6b92f7f1343439785f1f179ce7e78,BTC-USDT,ECELL-BTC,ECELL-USDT,4.37%,3.63%,0.8906061395628289,24.55945688000001,AskRoute,0.8712499259109804,0,17/01/2021,10:01:45,Blocked,5531,15
dc13b8e515524256bfda1cf4adcb51e8,BTC-USDT,CELO-BTC,CELO-USDT,0.61%,-0.14%,-0.03451748639325178,24.429308309503952,BidRoute,1.006086307839995,0,17/01/2021,10:02:23,Blocked,5540,15
04b070ab0c9a4001b852173ab5b3e52e,BTC-USDT,CNTM-BTC,CNTM-USDT,0.68%,-0.07%,-0.015087531800043491,22.591399143148127,BidRoute,1.0068215195490555,0-5,17/01/2021,10:09:24,Blocked,5646,15
08b7cbb750384d288bae1046dbe21702,ETH-USDT,CRO-ETH,CRO-USDT,1.14%,0.39%,0.09473582186687443,24.55945688000001,AskRoute,0.9813540750611868,0,17/01/2021,10:25:12,Blocked,5872,15
adb8d1b721ec4cd2bb15694df98ce615,ETH-USDT,CRO-ETH,CRO-USDT,0.79%,0.04%,0.009043430033335688,24.55945688,AskRoute,0.9790307486293394,0,17/01/2021,10:26:12,Blocked,5885,15
3647134e7b1f41c58ae93bdfcb47d6a5,ETH-USDT,CRO-ETH,CRO-USDT,0.96%,0.21%,0.05129570867295041,24.55945688000001,AskRoute,0.9751372390394332,0,17/01/2021,10:26:44,Blocked,5892,15
2f457f1cc2a94edda0f0a88e5da4bd2b,ETH-USDT,CRO-ETH,CRO-USDT,0.61%,-0.14%,-0.03385008489815208,24.217774985155593,BidRoute,1.0061022448740675,0,17/01/2021,10:47:09,Blocked,6187,15
b1a75ead15e547f4a4478d587b68e0df,BTC-USDT,CRO-BTC,CRO-USDT,0.94%,0.19%,0.04697365502388903,24.506440555866284,BidRoute,1.0094140415173312,0,17/01/2021,10:47:10,Blocked,6187,15
2507da899f054c15bbf91a900fb625d2,BTC-USDT,GRIN-BTC,GRIN-USDT,0.83%,0.07%,0.01582962706734703,21.270765117518792,BidRoute,1.0082569803418964,0,17/01/2021,10:55:47,Blocked,6300,15
afeaa4bb63074e8cb626d2b268b118bb,ETH-USDT,CRO-ETH,CRO-USDT,0.64%,-0.11%,-0.02605852753900495,24.559456879999995,AskRoute,0.9812734209842621,0,17/01/2021,11:06:24,Blocked,6454,15
174d52f38b674bd7943d7e960a63e82b,BTC-USDT,APM-BTC,APM-USDT,0.63%,-0.12%,-0.014201710611470188,11.679380178601795,BidRoute,1.0062840355914189,0-6,17/01/2021,11:54:36,Blocked,7156,15
4d76f2e164264aaeae467ce28051589e,BTC-USDT,LBC-BTC,LBC-USDT,0.64%,-0.11%,-0.01871284587257352,17.194198749382178,BidRoute,1.0064131657504978,0,17/01/2021,11:58:46,Blocked,7207,15
cd5c4e40bd8448858656f6930a780790,BTC-USDT,LBC-BTC,LBC-USDT,0.63%,-0.12%,-0.029612944214775755,24.497786070367457,BidRoute,1.0062859760181309,0,17/01/2021,12:02:37,Blocked,7252,15
6fcd8b40a8014b62a99ae34381320357,ETH-USDT,CRO-ETH,CRO-USDT,0.76%,0.01%,0.0018125941880154926,24.55945688,AskRoute,0.9798285890554028,0,17/01/2021,12:15:05,Blocked,7400,15
687708bd1c8e4c5f87bfbdf72c8e593a,ETH-USDT,CRO-ETH,CRO-USDT,0.75%,0.00%,0.0005939460729371959,24.55945688,AskRoute,0.9830837024894128,0,17/01/2021,12:19:19,Blocked,7446,15
a6f97b1cafd642c6adfcdf268ef15485,BTC-USDT,ALGO-BTC,ALGO-USDT,1.40%,0.65%,0.1588120035567179,24.44066303046977,AskRoute,0.9822804648339359,0,17/01/2021,12:32:06,Blocked,7631,15
4f737e0e5a014b01b2dbef7e2d2089c4,ETH-USDT,WAXP-ETH,WAXP-USDT,0.62%,-0.13%,-0.014030549727950606,10.92954041959849,AskRoute,0.9871543712350772,0,17/01/2021,12:35:25,Blocked,7682,15
1a948d3e11ba4b3ab9ce8a50a3c0e362,ETH-USDT,CRO-ETH,CRO-USDT,0.68%,-0.06%,-0.01585347143664867,24.55945688000001,AskRoute,0.986351962438176,0,17/01/2021,12:36:06,Blocked,7692,15
8418e09126fb477199c6417e89e85bd7,BTC-USDT,CRO-BTC,CRO-USDT,0.69%,-0.06%,-0.013548301029098429,24.53254980115075,BidRoute,1.0069452847814102,0,17/01/2021,13:35:07,Blocked,8603,15
93cd6a619d0847acb237e238f14a7c38,BTC-USDT,CNTM-BTC,CNTM-USDT,0.66%,-0.09%,-0.018274244806574053,20.12845275,AskRoute,0.9732836820404716,0,17/01/2021,13:37:04,Blocked,8633,15
9f7449481fd0443c8d84f1e6beaf7ecf,ETH-USDT,CRO-ETH,CRO-USDT,1.95%,1.20%,0.2949594209921691,24.55945688,AskRoute,0.9771899447541472,0,17/01/2021,13:43:06,Blocked,8713,15
0534d32aa0ed4ff992ba04e955dd6338,BTC-USDT,DFI-BTC,DFI-USDT,0.64%,-0.11%,-0.02615274593910444,24.55945688000001,BidRoute,1.0064305951480987,0,17/01/2021,14:52:06,Blocked,9771,15
caa80e1799ff4ab8a0a66daa9fe34214,BTC-USDT,KSM-BTC,KSM-USDT,1.30%,0.55%,0.07193496722020809,13.13342317498365,BidRoute,1.0129580461337222,29-35,17/01/2021,14:58:09,Blocked,9850,15
c63b1d3078d648b284b3fdb6fd00e7dc,BTC-USDT,KSM-BTC,KSM-USDT,1.08%,0.33%,0.04342879996211554,13.13342317498365,BidRoute,1.010805937208079,5-10,17/01/2021,14:58:30,Blocked,9854,15
c9038625b075476aac31a85358cf30bd,BTC-USDT,KSM-BTC,KSM-USDT,1.11%,0.36%,0.047562004405037994,13.13342317498365,BidRoute,1.0111227253721429,0,17/01/2021,14:58:40,Blocked,9856,15
e06eb4a10df744fa96f291e127fbe2fb,ETH-USDT,CRO-ETH,CRO-USDT,0.95%,0.20%,0.04989853030527047,24.55945688,AskRoute,0.9829402757683092,0,17/01/2021,15:28:41,Blocked,10234,15
cc120374f3d4411f8e33d84bd76444b7,BTC-USDT,CNTM-BTC,CNTM-USDT,1.37%,0.62%,0.0917603896498532,14.776210446946811,AskRoute,0.9727884833756422,293-298,17/01/2021,15:30:39,Blocked,10260,15
6ff23f8d50ff49b2bc1ee2e4d5e7ca85,BTC-USDT,BTCV-BTC,BTCV-USDT,3.85%,3.11%,0.7626004841598026,24.55945688000001,AskRoute,0.9206202359739636,0,17/01/2021,15:36:11,Blocked,10326,15
08dc40f8bac8485c9b91fe949de53ade,BTC-USDT,ECELL-BTC,ECELL-USDT,1.46%,0.71%,0.17510398986028514,24.55945688000001,AskRoute,0.959634127377984,0,17/01/2021,15:39:41,Blocked,10367,15
7246d9f77b394475b41b7aa74b52af2e,ETH-USDT,TRAC-ETH,TRAC-USDT,1.56%,0.82%,0.1867702234844768,22.868624449555718,BidRoute,1.0156493842532377,0,17/01/2021,15:47:27,Blocked,10478,15
fd5aa4d6a46448438ab70e72623a63a2,ETH-USDT,DOT-ETH,DOT-USDT,1.51%,0.76%,0.15442942432570295,20.308907867704576,AskRoute,0.9734711680220764,0,17/01/2021,15:51:04,Blocked,10526,15
f4b0b6867215482c83ad49e0e9f00973,BTC-USDT,BTCV-BTC,BTCV-USDT,0.97%,0.22%,0.05513789257766602,24.55115306588303,BidRoute,1.0097416087496798,0,17/01/2021,15:59:47,Blocked,10664,15
8da5ebebe8a940969e07a9bbb58d917b,ETH-USDT,CRO-ETH,CRO-USDT,1.07%,0.32%,0.05717396045654069,17.69115565934708,AskRoute,0.9811982473661484,0,17/01/2021,16:07:36,Blocked,10790,15
a5d6fe7994cc4e90b45c8dd5108d0ab5,BTC-USDT,CRO-BTC,CRO-USDT,0.82%,0.07%,0.016992855914522764,24.555147377851824,AskRoute,0.986934211598387,0,17/01/2021,16:20:46,Blocked,10971,15
329b5514a47f4caabd046abc6f4b53e2,BTC-USDT,ECELL-BTC,ECELL-USDT,0.63%,-0.12%,-0.015808195663977676,12.720395333083347,BidRoute,1.0062624298163494,43-49,17/01/2021,16:26:36,Blocked,11040,15
36f69d96b07a442e98bea35a9bb99d84,BTC-USDT,ECELL-BTC,ECELL-USDT,0.61%,-0.14%,-0.01811433157629324,12.720395333083347,BidRoute,1.0060773550016715,0,17/01/2021,16:26:46,Blocked,11042,15
d8fe97902ad546448edca431f13fc1a4,ETH-USDT,CRO-ETH,CRO-USDT,1.26%,0.51%,0.1254386109820438,24.522547941143337,AskRoute,1.012612795773459,0,17/01/2021,17:39:31,Blocked,28,16
d513220547614df5b49956e3d8f35beb,ETH-USDT,CRO-ETH,CRO-USDT,0.78%,0.03%,0.006691516871974612,24.55945688,AskRoute,1.0077660968400477,0,17/01/2021,17:40:19,Blocked,37,16
880adfd774ef4e5facf6adfa1f4c9e30,ETH-USDT,CRO-ETH,CRO-USDT,0.78%,0.03%,0.006559819049674176,23.810224523685346,AskRoute,1.0077669962483995,0,17/01/2021,17:40:34,Blocked,40,16
8ccc3f721e32447f916ea5badb5d4e5c,ETH-USDT,CRO-ETH,CRO-USDT,0.97%,0.22%,0.05301992238134723,24.55945688,AskRoute,1.0096588393684929,0,17/01/2021,17:41:18,Blocked,47,16
9e38ac2c37fe4f44b58e91bfafc58b44,ETH-USDT,CRO-ETH,CRO-USDT,0.79%,0.04%,0.010177951835099648,24.55945688,AskRoute,1.0079058434911323,0,17/01/2021,17:42:17,Blocked,58,16
e0343794a1af431ab5be243b70d2fbe2,BTC-USDT,CNTM-BTC,CNTM-USDT,2.07%,1.32%,0.19456500590514425,14.7262424791923,AskRoute,1.0207124293953127,0,17/01/2021,17:42:24,Blocked,59,16
20329ddd205b49e69083fafe7f2e6166,ETH-USDT,XMR-ETH,XMR-USDT,0.66%,-0.09%,-0.0216042313475851,23.860870703307352,AskRoute,1.0065945748956011,52-58,17/01/2021,17:44:12,Blocked,79,16
9e3b18a06c234b07a0b54c4844762e2e,BTC-USDT,CRO-BTC,CRO-USDT,0.80%,0.05%,0.012577320801487352,24.50817852531415,BidRoute,1.0080159894543697,0,17/01/2021,17:49:24,Blocked,138,16
d8f9c63015f24f5bbdfacff724d539aa,ETH-USDT,CRO-ETH,CRO-USDT,0.74%,-0.01%,-0.002954423894254543,24.55945688,AskRoute,1.0073812701494422,0,17/01/2021,17:54:51,Blocked,203,16
d615fad697534dd0b0b227c85c001d85,ETH-USDT,XMR-ETH,XMR-USDT,0.70%,-0.05%,-0.012905508613402894,23.860870703307352,AskRoute,1.006954453108005,98-104,17/01/2021,17:58:23,Blocked,240,16
7e8efa1a21cb461b8fb9aef0a13d7cb2,ETH-USDT,XMR-ETH,XMR-USDT,0.64%,-0.11%,-0.02524709106101428,23.860870703307352,AskRoute,1.006432707005491,6-12,17/01/2021,17:58:46,Blocked,244,16
f74b9d9c707343e494b3d82f294ce943,ETH-USDT,CRO-ETH,CRO-USDT,0.61%,-0.14%,-0.034677380088764996,24.53327440275104,AskRoute,1.006087068968133,0,17/01/2021,18:07:19,Blocked,334,16
def946723e604a56a8437ae5b528dafc,ETH-USDT,CRO-ETH,CRO-USDT,0.63%,-0.12%,-0.028276755676115425,24.55945688,AskRoute,1.0063476494335508,0,17/01/2021,18:08:28,Blocked,346,16
ced7c55b2263459dbf14a1d6058f70aa,ETH-USDT,CRO-ETH,CRO-USDT,0.96%,0.21%,0.05079890266893447,24.55945688000001,AskRoute,1.0095545928230434,0,17/01/2021,18:09:25,Blocked,355,16
60fe481a58e148979fe177088829c5d6,ETH-USDT,XMR-ETH,XMR-USDT,0.61%,-0.14%,-0.03282991883572467,23.860870703307352,AskRoute,1.0061245756165749,23-29,17/01/2021,18:17:50,Blocked,441,16
91568032ddbd4375aa5c4da4ff9a32ee,ETH-USDT,XMR-ETH,XMR-USDT,0.63%,-0.12%,-0.02958102392138384,23.860870703307352,AskRoute,1.0062515375896388,120-129,17/01/2021,18:27:50,Blocked,547,16
4695d11b8a6d452e9c69a2a998048785,BTC-USDT,CNTM-BTC,CNTM-USDT,2.32%,1.57%,0.2316894301545083,14.770267120385704,AskRoute,1.0231651388800331,0,17/01/2021,18:28:53,Blocked,556,16
e5ef9cbe699f4244bd1156a2de33c95c,ETH-USDT,XMR-ETH,XMR-USDT,0.63%,-0.12%,-0.029365087830853426,23.860870703307352,AskRoute,1.006261398598296,42-49,17/01/2021,18:28:59,Blocked,557,16
153f17a2eafe493085e00c9c8357710b,ETH-USDT,XMR-ETH,XMR-USDT,0.97%,0.22%,0.052856934061171916,23.860870703307352,AskRoute,1.0097098552809378,266-274,17/01/2021,18:34:46,Blocked,605,16
4245fa0303c049d1882d12fe398ab8bd,ETH-USDT,KSM-ETH,KSM-USDT,1.55%,0.80%,0.11121325362217192,13.946695774491902,AskRoute,1.015466112266862,568-574,17/01/2021,18:34:51,Blocked,606,16
92d9571283f944fdbe724f75cf79f148,BTC-USDT,BAND-BTC,BAND-USDT,1.23%,0.48%,0.06927746256512655,14.468706297920704,AskRoute,1.0122820129966463,275-280,17/01/2021,19:02:40,Blocked,57,17
28cde75e56244a239287c91f39246baf,BTC-USDT,BAND-BTC,BAND-USDT,0.60%,-0.15%,-0.021175757355266472,14.450405735372252,AskRoute,1.0060319123365082,7-14,17/01/2021,19:09:29,Blocked,17,18
ce673bec5eea4c528d9bdb5bdeadc1c8,ETH-USDT,BAND-ETH,BAND-USDT,2.24%,1.50%,0.30296692300460343,20.21678467875989,AskRoute,1.0224371910244916,0,17/01/2021,19:11:28,Blocked,38,18
0ea0011cd7db49b080b31d49ce6ad739,BTC-USDT,CRO-BTC,CRO-USDT,0.63%,-0.12%,-0.0289868711458465,24.55945688,BidRoute,1.0063188143188169,0,17/01/2021,19:12:23,Blocked,51,18
1611a4ef6d3a4ce8ac1c16b964f3f831,BTC-USDT,BBC-BTC,BBC-USDT,0.83%,0.08%,0.01865350849148301,24.55945688000001,BidRoute,1.0082577970970212,0,17/01/2021,19:15:01,Blocked,15,19
c43f9c1ed6db45bda47edc3cbec340ba,BTC-USDT,BAND-BTC,BAND-USDT,2.59%,1.84%,0.4290747991343741,23.32367136977241,BidRoute,1.0258888217510858,0,17/01/2021,22:12:46,Blocked,58,20
68c521819379493caf7805f25ecbb0e9,BTC-USDT,LBC-BTC,LBC-USDT,1.97%,1.22%,0.2936749283274994,24.044864042379217,BidRoute,1.0197060966912987,0,17/01/2021,22:17:30,Blocked,125,20
66bb15bb525343c6819e5509621c0d90,BTC-USDT,LBC-BTC,LBC-USDT,1.06%,0.31%,0.07606930032328149,24.33400279511217,BidRoute,1.0106160444765462,0,17/01/2021,22:20:11,Blocked,154,20
9b703825d9bf4293a8a5da287bdf69f7,ETH-USDT,CRO-ETH,CRO-USDT,0.67%,-0.08%,-0.01920855583554834,24.55945688,AskRoute,1.006723093793821,0,17/01/2021,22:20:47,Blocked,161,20
965f6c574c70499ca0cec00e32e76d21,ETH-USDT,CRO-ETH,CRO-USDT,1.09%,0.34%,0.08262841489333134,24.55945688000001,AskRoute,1.0108615971086847,0,17/01/2021,22:31:35,Blocked,304,20
120e081fbfe9438fb306dcc03b8030b5,ETH-USDT,CRO-ETH,CRO-USDT,0.76%,0.01%,0.0005853505347457183,10.919821693800756,BidRoute,1.007553792189641,0,17/01/2021,22:41:36,Blocked,448,20
e2e67039945548728c37cd4d6ea46e28,BTC-USDT,CRO-BTC,CRO-USDT,0.71%,-0.04%,-0.010294215978225968,24.494429619685988,BidRoute,1.0070798462918569,0,17/01/2021,22:41:38,Blocked,448,20
6b6f7fa1b24443e5ae910a300c39e9bb,ETH-USDT,CRO-ETH,CRO-USDT,0.74%,-0.01%,-0.0007729362305039095,10.919974491505863,BidRoute,1.0074294012968903,0-8,17/01/2021,22:41:55,Blocked,451,20
91aec7d4482b4507a5e367cf91a439a4,BTC-USDT,CRO-BTC,CRO-USDT,0.68%,-0.07%,-0.016119218327516914,24.50265239570444,BidRoute,1.0068401538628011,0-7,17/01/2021,22:41:57,Blocked,451,20
06623a69842f4f40b8fee98a4ec6d711,BTC-USDT,CRO-BTC,CRO-USDT,0.70%,-0.05%,-0.011798179053420066,24.519507548665338,BidRoute,1.0070149220407705,0,17/01/2021,22:42:24,Blocked,457,20
e787195d69bb469694c36e452a22fa97,BTC-USDT,BWF-BTC,BWF-USDT,0.88%,0.13%,0.032503003662737916,24.442548453973114,AskRoute,1.00882977147305,0-5,17/01/2021,22:46:06,Blocked,511,20
7e4af6d4e1e7482190d90b1c880f3b9a,BTC-USDT,BWF-BTC,BWF-USDT,0.82%,0.07%,0.018152265316742768,24.413670801802677,AskRoute,1.0082406126520758,0,17/01/2021,22:46:28,Blocked,516,20
2e5ce1c5f20a4370b855769bc48c7e11,ETH-USDT,DOGE-ETH,DOGE-USDT,13.15%,12.41%,2.937186846654873,23.662749665920963,AskRoute,1.131539998704275,0,17/01/2021,22:50:40,Blocked,569,20
4f7e44b27d6d4fc0b0ca644f843d28f8,BTC-USDT,DOGE-BTC,DOGE-USDT,12.56%,11.82%,2.8117681248357607,23.791035202471036,AskRoute,1.125605665625625,0,17/01/2021,22:50:42,Blocked,569,20
db17a41d843846b68756111ad8a82252,ETH-USDT,CRO-ETH,CRO-USDT,0.80%,0.05%,0.011739804658045166,24.55945688,AskRoute,1.0079895797770546,0,17/01/2021,22:57:19,Blocked,648,20
2940d45c71084067813fe91b088afff6,ETH-USDT,XMR-ETH,XMR-USDT,0.87%,0.12%,0.02846873682126322,23.860870703307352,AskRoute,1.0086876937270888,145-156,17/01/2021,23:12:36,Blocked,830,20
6168dbee02874d378ec8cea3d2457eba,BTC-USDT,CRO-BTC,CRO-USDT,0.72%,-0.03%,-0.006123618170163936,24.46987093179047,AskRoute,1.0072435210692685,0,17/01/2021,23:23:24,Blocked,902,20
418faf73eed54734abaf8174979bd751,ETH-USDT,BSV-ETH,BSV-USDT,1.00%,0.25%,0.061844108062208365,24.55945688000001,AskRoute,1.0100121608266286,0,17/01/2021,23:35:28,Blocked,1017,20
a07c632360654e288d9d70ffeb0d5111,BTC-USDT,BWF-BTC,BWF-USDT,0.68%,-0.07%,-0.01810174328597461,24.45573138809261,AskRoute,1.0067582528117165,0-7,17/01/2021,23:41:58,Blocked,1087,20
281458efb8134bc6bc5badd23080474e,BTC-USDT,BWF-BTC,BWF-USDT,0.64%,-0.11%,-0.02748250181713341,24.45726852839099,AskRoute,1.0063785667383205,0,17/01/2021,23:46:38,Blocked,1129,20
14d63373bd4a406c8690c9fa5715b1ef,BTC-USDT,BWF-BTC,BWF-USDT,0.64%,-0.11%,-0.027407052648945995,24.456020842797308,AskRoute,1.006381794301832,0,17/01/2021,23:47:12,Blocked,1134,20
153a6d80246949c18f6b3a128128f52b,ETH-USDT,CRO-ETH,CRO-USDT,0.63%,-0.12%,-0.03016621483890003,24.55945688000001,AskRoute,1.0062674267068583,0,17/01/2021,23:48:10,Blocked,1143,20
925e1f4c9b554591949c905321495c62,ETH-USDT,CRO-ETH,CRO-USDT,0.80%,0.05%,0.012791109266686196,24.55945688,AskRoute,1.0080164909360996,0,17/01/2021,23:48:32,Blocked,1147,20
042bda3957ee4740a462709df4294b04,ETH-USDT,CRO-ETH,CRO-USDT,0.71%,-0.04%,-0.00983581410397949,24.50237234121675,AskRoute,1.0070969501538347,0,18/01/2021,00:00:48,Blocked,1260,20
23db8a7d9f1141349e39ebc179240ce4,ETH-USDT,CRO-ETH,CRO-USDT,0.77%,0.02%,0.006085765724959558,24.467028996789928,AskRoute,1.0077487333352475,0,18/01/2021,00:03:18,Blocked,1279,20
0c1b06344d9e413ebef56f73cba0cb2b,ETH-USDT,CRO-ETH,CRO-USDT,0.71%,-0.04%,-0.008899705683100056,24.502400802094744,AskRoute,1.0071342367757032,0,18/01/2021,00:06:54,Blocked,1316,20
9562516854fa4fc39da3804f91012728,ETH-USDT,CRO-ETH,CRO-USDT,0.68%,-0.07%,-0.017983528015584394,24.55945688000001,AskRoute,1.006767755515766,0,18/01/2021,00:08:58,Blocked,1339,20
48370bf6e94742ca96f5391f879d5ee2,ETH-USDT,XMR-ETH,XMR-USDT,2.04%,1.30%,0.3090980630427424,23.85864007680205,AskRoute,1.0204476188602227,3782-3788,18/01/2021,00:15:59,Blocked,1414,20
d54cdcdda47b4d60a7f7d546501789e6,ETH-USDT,XMR-ETH,XMR-USDT,2.04%,1.30%,0.30909808790952154,23.858639949791087,AskRoute,1.0204476200665078,0,18/01/2021,00:16:24,Blocked,1414,20
d29920721ca14ed68c3bb4d246aea6c6,ETH-USDT,XMR-ETH,XMR-USDT,1.63%,0.88%,0.2103946759390541,23.860870703307352,AskRoute,1.0162565336472866,0-4,18/01/2021,00:39:27,Blocked,1,21
1f1199343de747009d7460c8f27d8e2f,ETH-USDT,XMR-ETH,XMR-USDT,1.49%,0.74%,0.17711574501977684,23.860870703307352,AskRoute,1.0149142087226288,9-13,18/01/2021,00:40:45,Blocked,3,22
a552ef3b85ab4f4189240d1f30d125aa,ETH-USDT,XMR-ETH,XMR-USDT,1.51%,0.76%,0.1818782121033274,23.860870703307352,AskRoute,1.0151144037649518,27-33,18/01/2021,00:43:00,Blocked,7,23
a29e6755ba464364a5bbb57190d7c50b,ETH-USDT,XMR-ETH,XMR-USDT,0.85%,0.09%,0.022370774508973484,23.860870703307352,AskRoute,1.008460594291872,0,18/01/2021,00:55:38,Blocked,15,24
ac7282e6cb774a8c83378036752923c6,ETH-USDT,XMR-ETH,XMR-USDT,0.85%,0.09%,0.022370774508973484,23.860870703307352,AskRoute,1.008460594291872,0,18/01/2021,00:55:38,Blocked,15,24
10b6f7e549e740ef97a6e90d10af2752,ETH-USDT,XMR-ETH,XMR-USDT,0.87%,0.12%,0.028360674123017213,23.860870703307352,AskRoute,1.0086817290680279,0,18/01/2021,00:56:03,Blocked,15,24
19249b80b1a84675ac782415af67d0e3,ETH-USDT,XMR-ETH,XMR-USDT,0.87%,0.12%,0.028360674123017213,23.860870703307352,AskRoute,1.0086817290680279,0,18/01/2021,00:56:03,Blocked,15,24
0e3e2003f88a40bfb5057c92c91aad68,ETH-USDT,XMR-ETH,XMR-USDT,0.90%,0.15%,0.03646955273207367,23.860870703307352,AskRoute,1.00903590667638,0,18/01/2021,00:56:51,Blocked,15,24
c76f1ae5013242ba9b7d76eca6c5427d,ETH-USDT,XMR-ETH,XMR-USDT,0.90%,0.15%,0.03646955273207367,23.860870703307352,AskRoute,1.00903590667638,0,18/01/2021,00:56:51,Blocked,15,24
b569e644ddf941f7891817b0c098e70a,ETH-USDT,XMR-ETH,XMR-USDT,0.80%,0.05%,0.012373650154011262,23.860870703307352,AskRoute,1.0080058705416743,0,18/01/2021,00:57:08,Blocked,0,25
662edb054654498fae42da8b0bb3253b,ETH-USDT,XMR-ETH,XMR-USDT,0.80%,0.05%,0.012373650154011262,23.860870703307352,AskRoute,1.0080058705416743,0,18/01/2021,00:57:08,Blocked,0,25
36c59bfa77494cc1ace6c6e436340015,ETH-USDT,XMR-ETH,XMR-USDT,0.83%,0.08%,0.01884897409238409,23.860870703307352,AskRoute,1.0082830135986165,0,18/01/2021,00:57:54,Blocked,0,25
2524a72c107c41e296d4604062254d5c,ETH-USDT,XMR-ETH,XMR-USDT,0.83%,0.08%,0.01884897409238409,23.860870703307352,AskRoute,1.0082830135986165,0,18/01/2021,00:57:54,Blocked,0,25
67bfd7a7efe047dbb5469b3ac8204a22,ETH-USDT,XMR-ETH,XMR-USDT,0.82%,0.07%,0.015839862617152173,23.860870703307352,AskRoute,1.008160163713985,0,18/01/2021,00:58:38,Blocked,0,26
d982811a92f74feb88d53875590758a0,ETH-USDT,XMR-ETH,XMR-USDT,0.82%,0.07%,0.015839862617152173,23.860870703307352,AskRoute,1.008160163713985,0,18/01/2021,00:58:38,Blocked,0,26
14cf63970a0c4e8d99fd39e55db91b40,BTC-USDT,LBC-BTC,LBC-USDT,1.45%,0.70%,0.09071668863195784,12.98616433739963,BidRoute,1.0144813223714364,0-6,18/01/2021,11:43:49,Blocked,19,27
1229effd405c434ba275eac974b21c89,BTC-USDT,HXRO-BTC,HXRO-USDT,0.74%,-0.01%,-0.001334211980438177,9.60193113799451,BidRoute,1.0073610475370791,9-14,18/01/2021,11:48:28,Blocked,99,27
1bd6d0b871844fe5bc80a0c7956a02ab,BTC-USDT,HBAR-BTC,HBAR-USDT,0.97%,0.22%,0.04450417123327114,20.524843864269602,BidRoute,1.0096635878820004,0,18/01/2021,12:10:49,Blocked,8,28
174c7bb33a6c4bdeb833adbe280b08ce,BTC-USDT,CRO-BTC,CRO-USDT,0.66%,-0.09%,-0.17160039489362974,185.02150953460307,BidRoute,1.0065717893275097,0,18/01/2021,12:26:29,Blocked,33,29
74325c9d95a74c28853cdf8dfe8abb5c,BTC-USDT,LBC-BTC,LBC-USDT,1.40%,0.65%,0.4863312765969616,75.10002536722456,AskRoute,1.0139851201058696,0,18/01/2021,13:13:59,Blocked,34,30
bc2a711c2d6f4a52be33315a81ee9ae1,BTC-USDT,LBC-BTC,LBC-USDT,1.40%,0.65%,0.4863312765969616,75.10002536722456,AskRoute,1.0139851201058696,0,18/01/2021,13:13:59,Blocked,34,30
7ddd7769944646f8b2fc558be23fede0,BTC-USDT,CRO-BTC,CRO-USDT,0.93%,-113602.08%,-23929.34725904764,21.064181167703733,BidRoute,1.0093106621484849,0,18/01/2021,18:32:52,Completed,625,31
ae20884addbd4634a2d701ad28ad738b,BTC-USDT,LBC-BTC,LBC-USDT,-1.16%,-1.91%,-0.4913703235292639,25.769593310325057,BidRoute,0.9884321661536508,0,19/01/2021,17:30:54,Completed,0,32
469de87b00044361898a801327680074,BTC-USDT,LBC-BTC,LBC-USDT,-1.90%,-2.65%,-0.688113116759071,25.990992039009967,AskRoute,0.9810249383430121,0,19/01/2021,19:59:05,Blocked,0,33
4be2a0c56a00489c8203ceabb47ba4c6,BTC-USDT,LBC-BTC,LBC-USDT,-1.90%,-2.65%,-0.688113116759071,25.990992039009967,AskRoute,0.9810249383430121,0,19/01/2021,19:59:05,Blocked,0,33
9770a21ae4034ce8901f25b522b642b7,ETH-USDT,CRO-ETH,CRO-USDT,-1.56%,-2.31%,-0.6180251491218489,26.69655973297164,AskRoute,0.9843500078173536,0,19/01/2021,20:00:07,Blocked,0,33
95c1c4975d3c4a5b92038a8bc7bac47d,ETH-USDT,CRO-ETH,CRO-USDT,-1.56%,-2.31%,-0.6180251491218489,26.69655973297164,AskRoute,0.9843500078173536,0,19/01/2021,20:00:07,Blocked,0,33
35648fc510524ec3bfb103f5077c204d,BTC-USDT,CRO-BTC,CRO-USDT,-0.91%,-1.66%,-0.5802721677565863,34.97803687353432,AskRoute,0.9909103849265584,0,19/01/2021,20:00:14,Blocked,0,33
eff0360c35c34e8c96fdd0e859e94f35,BTC-USDT,CRO-BTC,CRO-USDT,-0.91%,-1.66%,-0.5802721677565863,34.97803687353432,AskRoute,0.9909103849265584,0,19/01/2021,20:00:14,Blocked,0,33
2c0f54d4715c4363bc9adf49de2fcb3f,USDT-USD,ETH-USDT,ETH-USD,-0.16%,-0.91%,-0.2436799405680161,26.69033361744513,AskRoute,0.998370105107688,0,19/01/2021,20:00:47,Blocked,0,33
b5cf4ca22b034b20acaadd962195acf0,USDT-USD,ETH-USDT,ETH-USD,-0.16%,-0.91%,-0.2436799405680161,26.69033361744513,AskRoute,0.998370105107688,0,19/01/2021,20:00:47,Blocked,0,33
c3e3a3e9075944edbe0e558de5218334,USD-EUR,USDT-USD,USDT-EUR,-0.38%,-1.13%,-0.2591363813848586,22.852492838424592,AskRoute,0.996160476420798,0,19/01/2021,20:00:54,Blocked,0,33
0b9736f3380f415abff41eee3d643fcf,USD-EUR,USDT-USD,USDT-EUR,-0.38%,-1.13%,-0.2591363813848586,22.852492838424592,AskRoute,0.996160476420798,0,19/01/2021,20:00:54,Blocked,0,33
e3903e2a85ed43bab2532bbd806ed79f,ETH-USDT,CRO-ETH,CRO-USDT,-1.49%,-2.24%,-0.5970301587455064,26.628260172797464,AskRoute,0.9850790774586388,0,19/01/2021,20:05:05,Blocked,0,34
37acafb57c8e477f8bb4f4648bb1e396,ETH-USDT,CRO-ETH,CRO-USDT,-1.49%,-2.24%,-0.5970301587455064,26.628260172797464,AskRoute,0.9850790774586388,0,19/01/2021,20:05:05,Blocked,0,34
0feebfb8f2ed4b71b00a7b90d281f693,BTC-USDT,LBC-BTC,LBC-USDT,-1.05%,-1.80%,-0.4627049653569146,25.70053315642334,BidRoute,0.9894962892387984,0,19/01/2021,20:13:35,Blocked,0,35
f15931aa093b4ea0891ac454bcd470a7,USDT-USD,CRO-USDT,CRO-USD,-1.30%,-2.05%,-0.5659200744999914,27.58702440232675,BidRoute,0.9869860052230838,0,19/01/2021,20:13:37,Blocked,0,35
0d2dfb3dd4dc4edd975ba116a86329a7,USDT-EUR,CRO-USDT,CRO-EUR,1.15%,0.40%,0.10121468749470436,25.612426804125,AskRoute,1.01145178044895,0,19/01/2021,21:20:08,Blocked,1534,36
b451bc5c30174d78aae091a48d53c34c,USDT-EUR,CRO-USDT,CRO-EUR,1.15%,0.40%,0.10121468749470436,25.612426804125,AskRoute,1.01145178044895,0,19/01/2021,21:20:08,Blocked,1534,36
e922356b56ae47cb82f2db9808dc9b51,USDT-EUR,CRO-USDT,CRO-EUR,1.26%,0.51%,0.11448071022885525,22.61671856482501,AskRoute,1.012561773656542,0,19/01/2021,21:39:53,Blocked,2166,36
47037eef61984c448806f16225832357,USDT-EUR,CRO-USDT,CRO-EUR,1.26%,0.51%,0.11448071022885525,22.61671856482501,AskRoute,1.012561773656542,0,19/01/2021,21:39:53,Blocked,2166,36
3e2c3dc52cdb4d16a7cb9b2d4ec04103,BTC-USDT,LBC-BTC,LBC-USDT,1.45%,0.70%,0.1679871313806694,24.16902268460297,BidRoute,1.014450514034963,0,20/01/2021,03:45:37,Blocked,11279,37
1285e4b1e71f4c8caa07537d80e0e91c,USDT-USD,CRO-USDT,CRO-USD,1.26%,0.51%,12.24630487904209,2396.696381352001,BidRoute,1.0126096605203423,0,20/01/2021,11:42:26,Blocked,27,38
9d69c1e5373e4e6d9fcb314eea9a94ea,USDT-USD,CRO-USDT,CRO-USD,0.76%,0.01%,0.008820245663634707,63.69369303934637,BidRoute,1.0076384791059012,0,20/01/2021,11:54:04,Blocked,145,38
150b95c871694b66bc8c9f0ef9731831,BTC-USDT,GNC-BTC,GNC-USDT,2.63%,1.88%,0.4351011413333847,23.097666643569003,AskRoute,1.0263374500354359,0,20/01/2021,13:41:51,Blocked,64,39
7e261213a53040d0aca361e78e695dd1,BTC-USDT,DEP-BTC,DEP-USDT,0.75%,0.00%,0.00047565224930988526,10.674036741159249,AskRoute,1.007544561608775,0,20/01/2021,13:46:44,Blocked,124,39
7f026a10c591434ea4e25ac136a9499b,BTC-USDT,DEP-BTC,DEP-USDT,0.94%,0.19%,0.07264468967501486,38.68602564225,AskRoute,1.0093778018281536,0,20/01/2021,13:49:32,Blocked,158,39
9621fb0d42be4de98665d254576579d6,USDT-EUR,CRO-USDT,CRO-EUR,0.66%,-0.09%,-0.013946528489476556,14.706106770876255,BidRoute,1.0065516505349263,0,20/01/2021,13:51:50,Blocked,186,39
7279132d3c12490a9b179f5abbac3ffa,USDT-USD,CRO-USDT,CRO-USD,0.76%,0.01%,0.0241185942658646,180.07997943239025,BidRoute,1.007633932680034,0,20/01/2021,13:52:47,Blocked,198,39
f8d56961108d44d3bf8021ecf19855ba,USDT-USD,CRO-USDT,CRO-USD,0.77%,0.02%,0.036509948077698695,180.07995693933006,BidRoute,1.007702742985384,0,20/01/2021,13:53:20,Blocked,205,39
57106c678d2f4fd3bc72bd3cbb2a3482,USDT-USD,CRO-USDT,CRO-USD,0.72%,-0.03%,-0.061101537121719625,180.0799344462699,BidRoute,1.007160697693446,0,20/01/2021,13:53:30,Blocked,207,39
3551d4dcb3a740d3acc5f3d7bd204457,USDT-USD,CRO-USDT,CRO-USD,3.05%,2.30%,11.04503198871588,480.4768606335763,BidRoute,1.0304876460109889,0,20/01/2021,13:54:31,Blocked,220,39
db227ca133724d57977ca738752abed8,USDT-USD,CRO-USDT,CRO-USD,2.73%,1.98%,9.51429720362567,480.4769206476707,BidRoute,1.0273017777644775,0,20/01/2021,13:55:43,Blocked,235,39
7eae6af26ff34e8883a5989b3f84b411,USDT-USD,CRO-USDT,CRO-USD,1.10%,0.35%,0.6252209454432045,176.88789573270645,BidRoute,1.0110345603657809,0,20/01/2021,13:56:50,Blocked,249,39
71dbc1c36be046f6b5f2c68508db8248,USDT-EUR,ADA-USDT,ADA-EUR,0.64%,-0.11%,-0.779507489862552,685.4473364984437,BidRoute,1.0063627755213922,0,20/01/2021,13:58:42,Blocked,269,39
d28d7b608f4f4f819e6d7cc7dc49d1f9,USDT-USD,CRO-USDT,CRO-USD,0.90%,0.15%,0.6361271203257068,425.3720206565036,BidRoute,1.0089954606542857,0,20/01/2021,14:02:45,Blocked,317,39
d377c5706fe446a89d165e097e805fc2,USDT-USD,CRO-USDT,CRO-USD,0.63%,-0.12%,-6.1562621423114905,5125.689230586359,BidRoute,1.0062989396419948,0,20/01/2021,14:05:43,Blocked,352,39
70f3f1d2bd8e4f09aa0f10f49de25277,ETH-USDT,CRO-ETH,CRO-USDT,0.81%,0.06%,0.08773570203898684,150.30318937725,AskRoute,1.008083724819164,0,20/01/2021,14:22:29,Blocked,156,40
988a2e98b5c6496b8443a24d65f46b2e,USDT-USD,CRO-USDT,CRO-USD,0.89%,0.14%,0.01332161033264974,9.577923470821283,BidRoute,1.0088908662324598,0,20/01/2021,14:23:14,Blocked,164,40
c2a6b15ce50c47df90fe8252baffb4e3,USDT-USD,YFL-USDT,YFL-USD,1.48%,0.73%,0.6825983982632013,93.002851356975,BidRoute,1.0148395426946983,0,20/01/2021,15:02:07,Blocked,53,41
7bc62e71a18b429e8a55ff620cf1a4ee,USDT-USD,CRO-USDT,CRO-USD,2.00%,1.40%,7.927637760334271,565.2177529915617,BidRoute,1.020025811677668,0,20/01/2021,16:11:33,Blocked,149,42
6988de99032b41b09c9649ec1a188873,USDT-USD,CRO-USDT,CRO-USD,1.52%,0.92%,1.5778060296915433,170.998661312,BidRoute,1.0152270080805643,0,20/01/2021,16:13:06,Blocked,160,42
f942f1011b0f43e0be7dd7cc865e78a2,USDT-EUR,CRO-USDT,CRO-EUR,0.92%,0.32%,1.2555139294939959,389.3805015581568,BidRoute,1.0092243882897831,0,20/01/2021,16:21:05,Blocked,201,42
5e082e3e9d76434ea8539cf1228da58b,USDT-USD,CRO-USDT,CRO-USD,0.73%,0.13%,0.2083344738532457,160.01834223435122,BidRoute,1.0073019412083906,0,20/01/2021,16:31:19,Blocked,261,42
1b770c1be37b4907bd44051fe6eb4651,USDT-USD,CRO-USDT,CRO-USD,0.70%,0.10%,0.3273213241925599,341.9992223767722,BidRoute,1.0069570820714673,0,20/01/2021,16:31:58,Blocked,266,42
f48bbdc6caf84b2981495e811933f458,USDT-USD,CRO-USDT,CRO-USD,2.37%,1.77%,2.640783045543587,148.99994624548538,BidRoute,1.0237233825386272,0,20/01/2021,16:32:14,Blocked,268,42
0011ed59577b413b853707a082860603,USDT-USD,CRO-USDT,CRO-USD,1.47%,0.87%,0.2283215588967723,26.246677027868234,BidRoute,1.0146990653580392,0,20/01/2021,16:33:41,Blocked,277,42
30171df0b3b14c949f8417cd187fb7c0,USDT-USD,CRO-USDT,CRO-USD,2.26%,1.66%,11.725392316820676,705.9484516479828,BidRoute,1.0226094171457545,0,20/01/2021,16:54:16,Blocked,412,42
f3f19a9e27f94702898cab12e2337838,USDT-USD,CRO-USDT,CRO-USD,1.65%,1.05%,0.9772947079515341,93.35335434349888,BidRoute,1.0164687690637824,0,20/01/2021,16:55:29,Blocked,419,42
95e86e050d4f4f7e803d88eb3dd8f2aa,USDT-USD,CRO-USDT,CRO-USD,1.18%,0.58%,1.307426451053704,224.45580844184585,BidRoute,1.0118248724331518,0,20/01/2021,17:00:50,Blocked,453,42
37fe1868b24846c2ae69efdd6f9a74a1,USDT-USD,CRO-USDT,CRO-USD,0.94%,0.34%,2.6777476631385406,783.4928228451889,BidRoute,1.0094177054148556,0,20/01/2021,17:02:28,Blocked,464,42
59db820934294e12b499d4cb7602f956,USDT-EUR,CRO-USDT,CRO-EUR,0.90%,0.30%,0.8594932052816844,288.73349936700606,BidRoute,1.0089767699527972,0,20/01/2021,22:33:12,Blocked,1042,42
be09c88526b44a9fbe3293928e47b814,USDT-EUR,CRO-USDT,CRO-EUR,0.73%,0.13%,0.1497005302799076,112.46725805109357,BidRoute,1.007331058771006,0,20/01/2021,22:34:59,Blocked,1056,42
f060e2883fb2484bb1bd051c85590652,USDT-EUR,CRO-USDT,CRO-EUR,0.74%,0.14%,0.3961757550606142,290.57299905005317,BidRoute,1.0073634293494431,0,20/01/2021,22:35:16,Blocked,1058,42
e39678f44ea146faa5cdf81ec98a99ea,USDT-EUR,CRO-USDT,CRO-EUR,1.25%,0.65%,0.15296296169937268,23.35353913465304,BidRoute,1.0125498835451625,0,25/01/2021,19:36:53,Blocked,8,43
d5288f8d54ca4642bc846716831bf40f,USDT-EUR,CRO-USDT,CRO-EUR,1.10%,0.50%,0.11564878335716128,23.352909319681768,BidRoute,1.0109522216600093,0-4,25/01/2021,19:38:11,Blocked,23,43
979c8416d1b24967ae7009b3e47cd3df,ETH-USDT,XMR-ETH,XMR-USDT,8.66%,0.76%,0.00024163951170862202,0.03161119092,AskRoute,1.0865964026940549,0,25/01/2021,19:43:50,Blocked,0,44
5383363ea3644c4ca17eacf790ceaf88,ETH-USDT,XMR-ETH,XMR-USDT,8.66%,0.56%,0.00017841712986862196,0.03161119092,AskRoute,1.0865964026940549,0,25/01/2021,19:44:19,Blocked,0,44
ae9ca6c9ccb0472cb41b6fedc93c085c,ETH-USDT,XMR-ETH,XMR-USDT,8.66%,0.36%,0.00011519474802862198,0.03161119092,AskRoute,1.0865964026940549,0,25/01/2021,19:44:24,Blocked,0,44
e9c1143960df479db250071e9adf90cc,BTC-USDT,DASH-BTC,DASH-USDT,1.28%,0.88%,0.365504849374334,41.406798665844576,BidRoute,1.0128432385681985,0,25/01/2021,20:43:01,Blocked,171,45
