Unique_id,Start_ticker,TickerPairA,TickerPairB,TickerPairC,Percentage_Profit,Profit,maxAmount,Route,Alive_time,Date,Time,Round,Session
2da28dfecbde489fa88107c179ed2258,USD,BTC-USD,DOGE-BTC,DOGE-USD,-0.006%,-2.444,411.142 USD,BidRoute,0:00:00.000000,01/02/2021,15:50:34.742399,1552,0
810830ff135d493b8233a0e352ef527a,USD,ETH-USD,DOGE-ETH,DOGE-USD,0.258%,0.013000000000000001,4.872 USD,BidRoute,0:00:00.000000,01/02/2021,16:44:32.527345,1229,1
d85d221ae68140728c0017bf07f797a9,USD,USDT-USD,DOGE-USDT,DOGE-USD,0.214%,0.0,0.025 USD,BidRoute,00:00:00.277071,01/02/2021,16:48:53.767531,1405,2
29cd375deb7c40029db7da7d9ff4f8d8,USD,ETH-USD,SC-ETH,SC-USD,0.266%,0.011000000000000001,4.018 USD,BidRoute,00:00:00.179403,01/02/2021,16:55:48.922772,1204,3
0e05b61061fa4d75a3c8d2d141c5b9e4,USD,USDT-USD,CRO-USDT,CRO-USD,0.689%,0.008,1.150 USD,BidRoute,00:00:01.584140,01/02/2021,17:31:48.756154,8026,4
2b16adab101442a086eb0f7a59b46722,USD,ETH-USD,CRO-ETH,CRO-USD,0.229%,0.003,1.155 USD,BidRoute,00:00:00.364008,01/02/2021,17:31:53.254058,8277,4
5e67572133754521a04c6c1d2c949509,USD,BTC-USD,CRO-BTC,CRO-USD,0.155%,0.002,1.179 USD,BidRoute,00:00:00.354430,01/02/2021,17:45:24.936584,3248,5
7c30f26739f14e12a03f9c6d2bfc66d1,EUR,BTC-EUR,CRO-BTC,CRO-EUR,0.019%,0.0,0.978 EUR,BidRoute,0:00:00.000000,01/02/2021,17:46:44.650854,4013,5
7f4c940e7a7942cbbd9eae4674192bf7,EUR,USDT-EUR,CRO-USDT,CRO-EUR,0.499%,0.0,0.000 EUR,BidRoute,00:00:01.163132,01/02/2021,17:48:16.733182,4880,5
70630dbf79f447de967475380bdc6b75,EUR,USDT-EUR,CRO-USDT,CRO-EUR,0.499%,0.0,0.000 EUR,BidRoute,00:00:01.753418,01/02/2021,17:48:20.717525,4909,5
1a6ec2eb918e4f4bb6e76363eb809061,EUR,USD-EUR,CRO-USD,CRO-EUR,0.065%,0.0,0.005 EUR,BidRoute,0:00:00.000000,01/02/2021,17:54:01.742798,8046,5
57bca69ed5e94618a25fe39a7e156f0e,USD,USDT-USD,DOGE-USDT,DOGE-USD,0.101%,0.0,0.180 USD,BidRoute,0:00:00.000000,01/02/2021,17:54:09.011790,8108,5
ba00cfa27cdc4aea9588e4d460c631b7,EUR,USD-EUR,CRO-USD,CRO-EUR,0.048%,0.0,0.005 EUR,BidRoute,0:00:00.000000,01/02/2021,17:54:13.097649,8140,5
26411fd026744d2fa1011610f02c7c17,EUR,USD-EUR,CRO-USD,CRO-EUR,0.091%,0.001,1.560 EUR,BidRoute,00:00:00.276250,01/02/2021,17:55:22.481656,8770,5
bf924e222275428c9babfe8e48b00fa3,EUR,USD-EUR,CRO-USD,CRO-EUR,0.055%,0.023,41.448 EUR,BidRoute,00:00:00.167581,01/02/2021,17:55:33.647073,8870,5
7333abc65aea4c92bcd23ac490f5da4c,EUR,ETH-EUR,CRO-ETH,CRO-EUR,0.267%,0.003,0.977 EUR,BidRoute,00:00:00.316567,01/02/2021,17:55:33.848438,8871,5
23ae41c1e41a4868a18cf6ce055df5de,USDT,ETH-USDT,CRO-ETH,CRO-USDT,0.173%,0.002,1.173 USDT,BidRoute,00:00:00.132945,01/02/2021,17:55:34.810702,8880,5
007f2379cbd64e8b81fcbe2e11db339c,EUR,USD-EUR,CRO-USD,CRO-EUR,0.816%,0.0,0.049 EUR,BidRoute,0:00:00.000000,01/02/2021,17:58:26.354539,10429,5
51cd47c23fd14a66bb15d8da39d7a397,EUR,USDT-EUR,CRO-USDT,CRO-EUR,0.688%,0.0,0.049 EUR,BidRoute,0:00:00.000000,01/02/2021,17:58:26.479608,10430,5
eb0f3725c46049ffa5bee96c632e8c64,EUR,USD-EUR,CRO-USD,CRO-EUR,1.032%,0.01,0.931 EUR,BidRoute,0:00:00.000000,01/02/2021,17:59:00.790928,10738,5
a401316ccc944fbfb642dda56bc837ca,EUR,USDT-EUR,CRO-USDT,CRO-EUR,0.971%,0.009000000000000001,0.932 EUR,BidRoute,00:00:00.149379,01/02/2021,17:59:01.053923,10740,5
581717e7a4e041d5a1c0de97ec0bca01,EUR,USD-EUR,CRO-USD,CRO-EUR,0.527%,0.005,0.983 EUR,BidRoute,00:00:02.189187,01/02/2021,17:59:52.586399,11194,5
d45f38cf41754394b2e8781788c94002,EUR,USD-EUR,CRO-USD,CRO-EUR,0.831%,0.018000000000000002,2.137 EUR,BidRoute,00:00:05.267298,01/02/2021,17:59:58.172262,11224,5
ed7901cb4e4b4961ae702f0e86e73f9b,EUR,USDT-EUR,CRO-USDT,CRO-EUR,0.782%,0.017,2.138 EUR,BidRoute,00:00:08.064802,01/02/2021,17:59:58.556096,11227,5
687e8b9e31a14c4d818f13cadcc623cf,EUR,USDT-EUR,CRO-USDT,CRO-EUR,0.783%,0.008,0.981 EUR,BidRoute,00:00:04.645618,01/02/2021,18:00:06.372243,11284,5
11a2d2cd78ab4033bfadc892c3b26d5a,EUR,USD-EUR,CRO-USD,CRO-EUR,0.200%,0.002,0.987 EUR,BidRoute,00:00:00.968975,01/02/2021,18:00:06.454270,11284,5
3d8061a1289142ce944db5c8cd353513,EUR,USD-EUR,CRO-USD,CRO-EUR,0.487%,0.005,0.980 EUR,BidRoute,00:00:00.230347,01/02/2021,18:00:21.293696,11409,5
119ee923a2b0468489ec886b06acbdf0,EUR,BTC-EUR,CRO-BTC,CRO-EUR,0.261%,0.003,0.982 EUR,BidRoute,00:00:00.455860,01/02/2021,18:00:21.374807,11409,5
da413b40e91146fbb7462cdaa07604d6,EUR,USDT-EUR,CRO-USDT,CRO-EUR,0.408%,0.004,0.981 EUR,BidRoute,00:00:00.619120,01/02/2021,18:00:21.608087,11411,5
0a39682bd70b46c9adb7a9e83758fd88,EUR,BTC-EUR,CRO-BTC,CRO-EUR,0.305%,0.15,49.212 EUR,BidRoute,00:00:00.630886,02/02/2021,09:41:16.432864,529,6
8b2211051b0840fa8ca12c485418167b,EUR,USDT-EUR,CRO-USDT,CRO-EUR,1.012%,0.036000000000000004,3.507 EUR,BidRoute,0:00:00.000000,02/02/2021,09:41:24.562767,605,6
6321cccc3ff547ce975424277d8f225d,EUR,USD-EUR,CRO-USD,CRO-EUR,0.728%,0.008,1.061 EUR,BidRoute,00:00:00.250304,02/02/2021,09:41:33.063350,668,6
c4523e489c0d49daac6c3f07d3cf0227,EUR,BTC-EUR,CRO-BTC,CRO-EUR,0.305%,0.003,1.066 EUR,BidRoute,00:00:02.690482,02/02/2021,09:41:34.631969,675,6
9704f7c1ac4d42978033134a53f09622,EUR,USDT-EUR,CRO-USDT,CRO-EUR,0.098%,0.001,1.068 EUR,BidRoute,00:00:02.721416,02/02/2021,09:41:34.728652,676,6
b2bc31553f784f7eab5c5ba03d0a5d1c,EUR,USD-EUR,CRO-USD,CRO-EUR,0.737%,0.312,42.330 EUR,BidRoute,0:00:00.000000,02/02/2021,09:41:44.979509,768,6
4a790465d7654adfbb5e221f6cb2fc6f,EUR,USDT-EUR,CRO-USDT,CRO-EUR,0.098%,0.001,1.068 EUR,BidRoute,00:00:00.446507,02/02/2021,09:41:55.856884,861,6
ca187cf04fcf44dc8f6745e96d857016,EUR,BTC-EUR,CRO-BTC,CRO-EUR,0.305%,0.016,5.115 EUR,BidRoute,00:00:00.426573,02/02/2021,09:41:55.973493,861,6
a4a3ea1036814b82a0df8df5a0c1335e,EUR,BTC-EUR,CRO-BTC,CRO-EUR,0.055%,0.004,7.044 EUR,BidRoute,0:00:00.000000,02/02/2021,09:42:30.486642,1186,6
ff3f968bffec43938f21245c2825a087,EUR,USDT-EUR,CRO-USDT,CRO-EUR,0.022%,0.002,7.046 EUR,BidRoute,00:00:00.434345,02/02/2021,09:42:30.825284,1189,6
58de2c3e6afe4d33904edbeec9d6ccec,EUR,USD-EUR,CRO-USD,CRO-EUR,0.601%,0.141,23.433 EUR,BidRoute,00:00:00.600128,02/02/2021,09:42:42.642013,1302,6
fff426314b68468e8e3e6f8e4cfe3de9,EUR,BTC-EUR,CRO-BTC,CRO-EUR,0.074%,0.001,1.071 EUR,BidRoute,00:00:00.584118,02/02/2021,09:43:05.248588,1511,6
49445b6ed959479d86558e22cb19abc9,EUR,USDT-EUR,CRO-USDT,CRO-EUR,0.042%,0.0,1.071 EUR,BidRoute,00:00:01.045605,02/02/2021,09:43:05.318361,1512,6
4fbe442b175d4d3d93a7e1039d6293dd,EUR,BTC-EUR,CRO-BTC,CRO-EUR,0.075%,0.003,4.180 EUR,BidRoute,00:00:00.728563,02/02/2021,09:43:28.063516,1732,6
17ff307ff52246989e3a96faf97659c8,EUR,USDT-EUR,CRO-USDT,CRO-EUR,0.042%,0.002,4.181 EUR,BidRoute,00:00:01.046499,02/02/2021,09:43:28.138267,1733,6
2a4e3a791fbd4b40927a04e1e110813f,EUR,ETH-EUR,CRO-ETH,CRO-EUR,0.306%,0.194,63.185 EUR,BidRoute,0:00:00.000000,02/02/2021,09:44:02.761814,2067,6
70fcc69db1a3447fb532822a6c5106e5,USDT,ETH-USDT,AAVE-ETH,AAVE-USDT,3.918%,0.001,0.036 USDT,BidRoute,00:00:00.591020,02/02/2021,09:44:48.574435,2488,6
cfa36814fbe149e4b43568958358a61d,USDT,BTC-USDT,AAVE-BTC,AAVE-USDT,11.641%,0.01,0.090 USDT,BidRoute,00:00:02.335183,02/02/2021,09:44:50.545845,2500,6
b52a5ab15783473a97f0dc5845e24a1c,USDT,ETH-USDT,AAVE-ETH,AAVE-USDT,10.634%,0.01,0.090 USDT,BidRoute,00:00:00.176422,02/02/2021,09:44:50.684390,2501,6
e6573c5a704d478e9b999c1d824041cf,USDT,ETH-USDT,AAVE-ETH,AAVE-USDT,2.598%,0.3720000000000001,14.332 USDT,BidRoute,00:00:00.159497,02/02/2021,09:44:52.366780,2515,6
0963174b77984569897877571f709ab1,USDT,ETH-USDT,AAVE-ETH,AAVE-USDT,9.822%,0.009000000000000001,0.091 USDT,BidRoute,00:00:02.224507,02/02/2021,09:45:01.884222,2594,6
032f223415d44e1bb3f0433f8562da42,USDT,BTC-USDT,AAVE-BTC,AAVE-USDT,10.054%,0.009000000000000001,0.091 USDT,BidRoute,00:00:02.084298,02/02/2021,09:45:02.207428,2596,6
d4c78b4d4f034659bedf976036dcb772,EUR,USDT-EUR,CRO-USDT,CRO-EUR,0.203%,0.002,1.066 EUR,BidRoute,00:00:04.336657,02/02/2021,09:45:15.713781,2717,6
7316878ba0304773bb84a0f9bc5b0871,USDT,ETH-USDT,AAVE-ETH,AAVE-USDT,1.833%,0.097,5.286 USDT,BidRoute,0:00:00.000000,02/02/2021,09:45:15.975912,2719,6
91618c2c81b7439ea383022a4ae4554b,USDT,BTC-USDT,AAVE-BTC,AAVE-USDT,2.688%,0.141,5.242 USDT,BidRoute,0:00:00.000000,02/02/2021,09:45:16.008794,2719,6
619fe821a1ab4e4ca76ed7f3342c7453,EUR,USDT-EUR,CRO-USDT,CRO-EUR,0.207%,0.038,18.420 EUR,BidRoute,0:00:00.000000,02/02/2021,09:46:08.946837,3231,6
16eaca11148c497ba200998c97c9cc14,EUR,USDT-EUR,CRO-USDT,CRO-EUR,0.266%,0.003,1.066 EUR,BidRoute,00:00:02.686014,02/02/2021,09:46:56.912311,3660,6
ced415d3adfb4b7ebc7b62dc9f44703c,EUR,USDT-EUR,CRO-USDT,CRO-EUR,0.267%,0.003,1.066 EUR,BidRoute,00:00:02.161770,02/02/2021,09:47:31.529644,3966,6
bc201a3f271a4e528e6767ae9a8fdecc,EUR,USDT-EUR,CRO-USDT,CRO-EUR,0.152%,0.027000000000000003,17.645 EUR,BidRoute,0:00:00.000000,02/02/2021,09:48:26.893244,4468,6
59701293a6244beaa952857ed20d5718,EUR,USDT-EUR,CRO-USDT,CRO-EUR,0.267%,0.003,1.066 EUR,BidRoute,0:00:00.000000,02/02/2021,09:48:38.296933,4574,6
7e15ccd653d341848b12f12abd537f0a,EUR,USDT-EUR,CRO-USDT,CRO-EUR,0.114%,0.036000000000000004,31.262 EUR,BidRoute,0:00:00.000000,02/02/2021,09:50:44.947154,5798,6
158fb8abbc574b87b0f7c01721d00d13,EUR,ETH-EUR,CRO-ETH,CRO-EUR,0.027%,0.008,31.289 EUR,BidRoute,0:00:00.000000,02/02/2021,09:50:45.043829,5798,6
98b7f3d3eca3430f8659413f539f8b2f,USDT,ETH-USDT,CRO-ETH,CRO-USDT,0.084%,0.001,1.274 USDT,BidRoute,0:00:00.000000,02/02/2021,09:56:51.027049,1589,7
d6dd9fa2980b423c853d1d5417e39804,USD,ETH-USD,GRT-ETH,GRT-USD,2.286%,0.35,15.298 USD,BidRoute,00:00:00.681717,02/02/2021,09:57:47.247540,2236,7
e242060b5d474fa484955c2ae11dd5e1,EUR,USDT-EUR,DOT-USDT,DOT-EUR,2.007%,1.913,95.316 EUR,BidRoute,0:00:00.000000,02/02/2021,10:16:26.393460,12823,7
1becf64dcef344119bfb0bd101db0050,EUR,USDT-EUR,CRO-USDT,CRO-EUR,0.172%,0.002,1.008 EUR,BidRoute,00:00:00.422183,02/02/2021,10:17:11.137287,13261,7
701926a13d8a4860b0e3ec1aca6564f0,EUR,USDT-EUR,CRO-USDT,CRO-EUR,0.172%,0.002,1.008 EUR,BidRoute,00:00:00.541982,02/02/2021,10:17:13.651595,13283,7
e8087ca846c94760b77b3448655c10f3,EUR,USDT-EUR,CRO-USDT,CRO-EUR,0.260%,0.003,1.067 EUR,BidRoute,0:00:00.000000,02/02/2021,10:19:52.170733,14810,7
5e3fb51c8f0347d9abad24e90b8fb748,EUR,USD-EUR,CRO-USD,CRO-EUR,0.122%,0.001,1.075 EUR,BidRoute,00:00:04.667547,02/02/2021,10:20:37.024714,15214,7
a6a6af79bef24b7ab315870730f989aa,EUR,BTC-EUR,CRO-BTC,CRO-EUR,0.711%,0.008,1.068 EUR,BidRoute,00:00:04.881862,02/02/2021,10:20:37.094479,15214,7
f004a55087994d8092c0749ebe4fcbb0,EUR,USDT-EUR,CRO-USDT,CRO-EUR,0.826%,0.009000000000000001,1.067 EUR,BidRoute,00:00:04.880891,02/02/2021,10:20:37.161257,15215,7
2ff5294d0770477ab38085030abe186c,EUR,USDT-EUR,CRO-USDT,CRO-EUR,0.839%,0.0,0.051 EUR,BidRoute,00:00:10.876415,02/02/2021,10:21:23.595889,15625,7
0b55a035836a4984b5641302d5b87465,EUR,BTC-EUR,CRO-BTC,CRO-EUR,0.711%,0.0,0.051 EUR,BidRoute,00:00:11.054795,02/02/2021,10:21:23.707517,15625,7
ee724c5a5e2f42ba8c9ae290e03e5438,EUR,USD-EUR,CRO-USD,CRO-EUR,0.989%,0.011000000000000001,1.065 EUR,BidRoute,0:00:00.000000,02/02/2021,10:21:58.323189,15965,7
fe5c22aa883745e28225af6237d128ea,EUR,USD-EUR,CRO-USD,CRO-EUR,0.989%,0.011000000000000001,1.065 EUR,BidRoute,0:00:00.000000,02/02/2021,10:22:21.296129,16188,7
f4d1bf876fc54ac8bf4b91388c77c2f5,EUR,USDT-EUR,CRO-USDT,CRO-EUR,0.852%,0.009000000000000001,1.067 EUR,BidRoute,00:00:04.326175,02/02/2021,10:22:25.552511,16213,7
ffa3f42a13164c84827b462d4e34faeb,EUR,USDT-EUR,CRO-USDT,CRO-EUR,0.851%,0.009000000000000001,1.067 EUR,BidRoute,00:00:05.645818,02/02/2021,10:22:31.668761,16249,7
fb4fb4533b694d1e832ed8d3e940cbeb,EUR,ETH-EUR,CRO-ETH,CRO-EUR,1.556%,0.016,1.059 EUR,BidRoute,00:00:00.206472,02/02/2021,10:22:31.765436,16249,7
f0c1bccfe18545dd868509e96b315946,EUR,BTC-EUR,CRO-BTC,CRO-EUR,0.713%,0.008,1.068 EUR,BidRoute,00:00:10.638742,02/02/2021,10:22:31.810288,16249,7
49838afde38b4d5691051f78b3d61cb9,EUR,USDT-EUR,CRO-USDT,CRO-EUR,0.851%,0.009000000000000001,1.067 EUR,BidRoute,00:00:00.669791,02/02/2021,10:22:33.047271,16260,7
eb8e13be02894dabb88dd00dce43363d,USDT,BTC-USDT,WAXP-BTC,WAXP-USDT,2.496%,0.25,10.022 USDT,BidRoute,0:00:00.000000,02/02/2021,10:23:24.145413,16754,7
aaed54fd42fd4c5eaada171ec073d6fc,USDT,BTC-USDT,WAXP-BTC,WAXP-USDT,2.496%,0.001,0.025 USDT,BidRoute,0:00:00.000000,02/02/2021,10:23:24.537100,16757,7
060dfe305406435790327434c9e8ae16,USDT,ETH-USDT,WAXP-ETH,WAXP-USDT,1.201%,0.0,0.025 USDT,BidRoute,00:00:01.259773,02/02/2021,10:23:25.738103,16766,7
a7eebb5395cf477182557d244c947b4c,USDT,BTC-USDT,WAXP-BTC,WAXP-USDT,1.749%,0.0,0.021 USDT,BidRoute,00:00:01.683451,02/02/2021,10:23:35.916641,16853,7
3e7894ee69eb4c1c8549f34d2c2a85e8,USDT,ETH-USDT,WAXP-ETH,WAXP-USDT,0.491%,0.0,0.021 USDT,BidRoute,00:00:01.242936,02/02/2021,10:23:36.037252,16854,7
207896d98862487d89e4523e6ef9e09f,EUR,ETH-EUR,CRO-ETH,CRO-EUR,0.589%,0.08,13.669 EUR,BidRoute,00:00:00.176410,02/02/2021,10:23:41.939660,16906,7
92dfb744d11b4b89ab9695d667f791ba,EUR,BTC-EUR,CRO-BTC,CRO-EUR,0.713%,0.09699999999999999,13.652 EUR,BidRoute,00:00:00.350827,02/02/2021,10:23:41.990491,16906,7
ddd7406b429d4a00ba79af46c0a26b43,USDT,BTC-USDT,WAXP-BTC,WAXP-USDT,0.989%,0.262,26.445 USDT,BidRoute,0:00:00.000000,02/02/2021,10:23:47.952549,16960,7
0047f3c49c214d9f8d4ad60c2ba2b399,USDT,BTC-USDT,WAXP-BTC,WAXP-USDT,0.891%,0.0,0.019 USDT,BidRoute,00:00:01.016527,02/02/2021,10:23:53.172787,17004,7
ffe6d4dc71d04ec1b240a9c37835125b,USDT,BTC-USDT,WAXP-BTC,WAXP-USDT,0.891%,0.0,0.019 USDT,BidRoute,00:00:00.805516,02/02/2021,10:23:54.760696,17017,7
6da5a8155e474d80912e810bf9bb7f3c,USDT,BTC-USDT,WAXP-BTC,WAXP-USDT,0.891%,0.0,0.019 USDT,BidRoute,00:00:02.164857,02/02/2021,10:23:57.745927,17040,7
61bbfd2d80ff437fb9138d79e3923156,EUR,ETH-EUR,CRO-ETH,CRO-EUR,0.171%,0.002,1.075 EUR,BidRoute,00:00:00.897579,02/02/2021,10:24:03.425864,17089,7
c8d22e304801462ab697fc0a79a01060,EUR,USDT-EUR,CRO-USDT,CRO-EUR,0.849%,0.009000000000000001,1.067 EUR,BidRoute,00:00:01.077835,02/02/2021,10:24:03.527455,17090,7
ac5d932c7f6d4479b75ab82a1cfb9b0a,EUR,BTC-EUR,CRO-BTC,CRO-EUR,0.751%,0.008,1.068 EUR,BidRoute,00:00:01.259299,02/02/2021,10:24:03.644114,17090,7
87cf0bedc5364c7dbfbd1ec974aab59f,USDT,BTC-USDT,WAXP-BTC,WAXP-USDT,0.403%,0.036000000000000004,9.055 USDT,BidRoute,0:00:00.000000,02/02/2021,10:24:04.178279,17095,7
c4a0a3895cfb4a8b9c519a575d9b8972,USDT,BTC-USDT,WAXP-BTC,WAXP-USDT,0.231%,0.03,13.170 USDT,BidRoute,00:00:00.255138,02/02/2021,10:24:08.287999,17133,7
31e0fd6e3ac24839a1e5dda79c8f66e0,EUR,BTC-EUR,CRO-BTC,CRO-EUR,0.732%,0.008,1.068 EUR,BidRoute,00:00:01.011809,02/02/2021,10:24:16.024707,17203,7
9e210de7f0354150bf1570f736c24012,EUR,USDT-EUR,CRO-USDT,CRO-EUR,0.830%,0.009000000000000001,1.067 EUR,BidRoute,00:00:01.186145,02/02/2021,10:24:16.090407,17204,7
969b516ab55e40a7bbe0ca34c883f34e,EUR,BTC-EUR,CRO-BTC,CRO-EUR,0.713%,0.22899999999999998,32.071 EUR,BidRoute,0:00:00.000000,02/02/2021,10:24:27.806661,17316,7
fb60390604df4de3b14c3ee5965a9c44,EUR,USDT-EUR,CRO-USDT,CRO-EUR,0.792%,0.129,16.318 EUR,BidRoute,00:00:00.532192,02/02/2021,10:24:39.693855,17429,7
5a43b2f804a743068a88e8b674b21693,EUR,USDT-EUR,CRO-USDT,CRO-EUR,0.812%,0.171,21.036 EUR,BidRoute,0:00:00.000000,02/02/2021,10:25:02.265567,17648,7
890e2b4c68244e259c68e637c52ba83b,EUR,USDT-EUR,CRO-USDT,CRO-EUR,0.607%,0.006,1.067 EUR,BidRoute,00:00:01.112180,02/02/2021,10:26:11.338106,18316,7
1a0071070fda497da7358dd5898ad315,EUR,ETH-EUR,CRO-ETH,CRO-EUR,0.423%,0.019,4.506 EUR,BidRoute,00:00:01.332444,02/02/2021,10:26:11.468669,18316,7
e391eee9ccbb4ad69868dccead472dc3,EUR,USDT-EUR,CRO-USDT,CRO-EUR,0.480%,0.138,28.815 EUR,BidRoute,00:00:00.137588,02/02/2021,10:26:46.012291,18655,7
2838fcc7fa77415c9086a5bd0c724db0,EUR,ETH-EUR,CRO-ETH,CRO-EUR,0.251%,0.04,15.935 EUR,BidRoute,0:00:00.000000,02/02/2021,10:27:08.929077,18863,7
968f6a60818d46028f931e29e658efdc,EUR,ETH-EUR,CRO-ETH,CRO-EUR,0.171%,0.002,1.069 EUR,BidRoute,00:00:00.727790,02/02/2021,10:27:27.519833,19037,7
4549300554ee4856b7ed9661691cc9b2,EUR,BTC-EUR,CRO-BTC,CRO-EUR,0.278%,0.006,2.075 EUR,BidRoute,00:00:05.221511,02/02/2021,10:27:32.068369,19068,7
075cf477104a4d7ea4d7898828e1d9c1,EUR,BTC-EUR,CRO-BTC,CRO-EUR,0.280%,0.003,1.068 EUR,BidRoute,00:00:04.055014,02/02/2021,10:27:59.188582,19303,7
0148078ca2094802bd322a3ea7745bc3,EUR,ETH-EUR,CRO-ETH,CRO-EUR,0.299%,0.003,1.068 EUR,BidRoute,00:00:01.198710,02/02/2021,10:28:55.873138,19768,7
7f6e9360d6ba4f4fb7f7a8187bd2bf64,EUR,ETH-EUR,CRO-ETH,CRO-EUR,0.299%,0.003,1.068 EUR,BidRoute,00:00:02.314494,02/02/2021,10:29:00.315022,19795,7
8b71e329cfba4c01a39f1e44b9fdc4e7,EUR,ETH-EUR,CRO-ETH,CRO-EUR,0.299%,0.003,1.068 EUR,BidRoute,00:00:00.184386,02/02/2021,10:29:01.012470,19799,7
f6abb4833c7b420c8d8e8e0f9b829e1d,EUR,ETH-EUR,CRO-ETH,CRO-EUR,0.299%,0.003,1.068 EUR,BidRoute,00:00:00.156212,02/02/2021,10:29:03.137117,19812,7
9dabd6e7427642dc91abbab947d9b40a,EUR,BTC-EUR,CRO-BTC,CRO-EUR,0.303%,0.003,1.068 EUR,BidRoute,00:00:10.830847,02/02/2021,10:29:03.532868,19814,7
3376694ca2f243ffa9eff7d3b5bff7f0,EUR,ETH-EUR,CRO-ETH,CRO-EUR,0.299%,0.003,1.068 EUR,BidRoute,00:00:00.184587,02/02/2021,10:29:03.660590,19815,7
577bb69530024c00890da3534f93f00a,EUR,ETH-EUR,CRO-ETH,CRO-EUR,0.433%,0.0,0.023 EUR,BidRoute,00:00:01.036279,02/02/2021,10:29:39.164675,20134,7
3f84f89d5640429692569b13ec08a139,EUR,ETH-EUR,CRO-ETH,CRO-EUR,0.433%,0.0,0.023 EUR,BidRoute,00:00:10.158761,02/02/2021,10:29:49.631408,20192,7
4a2357bdd9a34733a2da72d3d94f9a88,EUR,ETH-EUR,CRO-ETH,CRO-EUR,0.479%,0.0,0.023 EUR,BidRoute,00:00:00.177406,02/02/2021,10:29:50.161742,20195,7
7bd656dc5a52451ba97bbb389dc8cb3d,EUR,BTC-EUR,CRO-BTC,CRO-EUR,0.437%,0.0,0.023 EUR,BidRoute,00:00:12.049263,02/02/2021,10:29:50.219561,20195,7
0c105ccd827f4869972f43a2f4ea4dd5,EUR,BTC-EUR,CRO-BTC,CRO-EUR,0.594%,0.006,1.068 EUR,BidRoute,00:00:09.590640,02/02/2021,10:30:22.605030,20474,7
4889c508f1bd4b82a30210b962560df0,EUR,BTC-EUR,CRO-BTC,CRO-EUR,0.594%,0.006,1.068 EUR,BidRoute,0:00:00.000000,02/02/2021,10:30:23.869273,20486,7
9a9ac9913b6f4c15bddc255c26b68a0d,EUR,BTC-EUR,CRO-BTC,CRO-EUR,0.594%,0.006,1.068 EUR,BidRoute,0:00:00.000000,02/02/2021,10:30:24.783216,20494,7
44eae7a6f4354f7797477c8762193e6c,USDT,BTC-USDT,HBAR-BTC,HBAR-USDT,0.051%,0.0,0.974 USDT,BidRoute,00:00:02.787457,02/02/2021,10:31:30.057932,21054,7
5b955e0d8ae842fd8a12780d231572a0,USDT,BTC-USDT,HBAR-BTC,HBAR-USDT,0.058%,0.001,0.974 USDT,BidRoute,00:00:00.457470,02/02/2021,10:31:31.845062,21067,7
d2657296c7124e42b924b26bf18cef8c,USDT,BTC-USDT,HBAR-BTC,HBAR-USDT,0.058%,0.001,0.974 USDT,BidRoute,00:00:00.322445,02/02/2021,10:31:32.775594,21074,7
51194e81bc8140fea4aee11b79fb37d5,USDT,BTC-USDT,HBAR-BTC,HBAR-USDT,0.058%,0.001,0.974 USDT,BidRoute,00:00:00.600512,02/02/2021,10:31:35.077482,21090,7
708ec1932ecb41da927e655a2bc636f5,USDT,BTC-USDT,HBAR-BTC,HBAR-USDT,0.013%,0.0,0.974 USDT,BidRoute,00:00:00.648320,02/02/2021,10:31:36.624630,21101,7
47653dcc1af54a05b4305c81dc6ac394,USDT,BTC-USDT,HBAR-BTC,HBAR-USDT,0.060%,0.001,0.974 USDT,BidRoute,00:00:00.392931,02/02/2021,10:31:38.258969,21112,7
444775163f9f4df1959cdf2a070591c6,USDT,BTC-USDT,HBAR-BTC,HBAR-USDT,0.058%,0.001,0.974 USDT,BidRoute,00:00:01.131249,02/02/2021,10:31:43.024073,21148,7
5dc199149f444beeb0a2422fe8bcab9a,USDT,BTC-USDT,HBAR-BTC,HBAR-USDT,0.081%,0.001,0.973 USDT,BidRoute,0:00:00.000000,02/02/2021,10:31:43.605205,21152,7
aad3c6a410f143ff95bc158d32041770,USDT,BTC-USDT,HBAR-BTC,HBAR-USDT,0.081%,0.001,0.973 USDT,BidRoute,00:00:00.131594,02/02/2021,10:31:44.374257,21158,7
565b7f9bc95446dabdf54eb4116feba1,USDT,BTC-USDT,HBAR-BTC,HBAR-USDT,0.081%,0.001,0.973 USDT,BidRoute,0:00:00.000000,02/02/2021,10:31:44.694942,21160,7
21cae20dd24c4be0a9d67d52e359ad7e,USDT,BTC-USDT,HBAR-BTC,HBAR-USDT,0.089%,0.001,0.973 USDT,BidRoute,00:00:02.787254,02/02/2021,10:31:47.849536,21180,7
39665b9e33ef4270a4b1537229b6b522,USDT,BTC-USDT,HBAR-BTC,HBAR-USDT,0.089%,0.001,0.973 USDT,BidRoute,00:00:00.475449,02/02/2021,10:31:48.598072,21184,7
a0d4042a7b3e4ac8bc5c30b53f6119ac,USDT,BTC-USDT,KLV-BTC,KLV-USDT,0.009%,0.0,4.822 USDT,BidRoute,00:00:00.427451,02/02/2021,10:31:49.494951,21189,7
b7f4205ff5764833a4ced25af569a374,USDT,BTC-USDT,HBAR-BTC,HBAR-USDT,0.089%,0.001,0.973 USDT,BidRoute,00:00:00.371767,02/02/2021,10:31:50.232620,21193,7
15868fc88ce94b91963418bb2b9263c5,USDT,BTC-USDT,KLV-BTC,KLV-USDT,0.023%,0.001,4.821 USDT,BidRoute,00:00:00.922843,02/02/2021,10:31:52.237262,21202,7
920444a5967649d5838405c7e9cd3729,USDT,BTC-USDT,HBAR-BTC,HBAR-USDT,0.133%,0.001,0.973 USDT,BidRoute,00:00:01.689403,02/02/2021,10:31:52.421761,21203,7
d896868d3b5949c88a9f74f56e2a06c1,USDT,BTC-USDT,HBAR-BTC,HBAR-USDT,0.112%,0.001,0.973 USDT,BidRoute,0:00:00.000000,02/02/2021,10:31:53.359964,21210,7
735ff48bb4ba4451a04b280fd2197482,USDT,BTC-USDT,KLV-BTC,KLV-USDT,0.002%,0.0,4.822 USDT,BidRoute,0:00:00.000000,02/02/2021,10:31:53.404565,21210,7
d6be2a8f0b994db0ac66f86900ea04ad,USDT,BTC-USDT,HBAR-BTC,HBAR-USDT,0.129%,0.001,0.973 USDT,BidRoute,00:00:02.819405,02/02/2021,10:31:56.664555,21222,7
055b4db0e1fb434886e16822437c0cef,USDT,BTC-USDT,KLV-BTC,KLV-USDT,0.033%,0.002,4.821 USDT,BidRoute,00:00:03.578926,02/02/2021,10:31:57.453915,21224,7
95c0b90e713e42b89a01b806ac365057,USDT,BTC-USDT,HBAR-BTC,HBAR-USDT,0.144%,0.001,0.973 USDT,BidRoute,00:00:01.553403,02/02/2021,10:32:01.713315,21247,7
a7e000d671534d00a6f7c878df9f79c0,USDT,BTC-USDT,KLV-BTC,KLV-USDT,0.034%,0.002,4.821 USDT,BidRoute,00:00:01.564377,02/02/2021,10:32:01.755186,21247,7
9b12ee0e63394ac1ad18861803dbfabe,USDT,BTC-USDT,HBAR-BTC,HBAR-USDT,0.111%,0.001,0.973 USDT,BidRoute,0:00:00.000000,02/02/2021,10:32:02.066134,21249,7
580f7501fa4a488883562a61d751bf40,USDT,BTC-USDT,HBAR-BTC,HBAR-USDT,0.107%,0.001,0.973 USDT,BidRoute,0:00:00.000000,02/02/2021,10:32:02.465712,21252,7
13e5aa89074c464584a3b5789efeb2c1,USDT,BTC-USDT,HBAR-BTC,HBAR-USDT,0.072%,0.001,0.974 USDT,BidRoute,00:00:00.611134,02/02/2021,10:32:03.589201,21260,7
b4b1632f1bee422baab73d0ee29f9f6e,USDT,BTC-USDT,HBAR-BTC,HBAR-USDT,0.058%,0.001,0.974 USDT,BidRoute,00:00:00.609129,02/02/2021,10:32:05.927679,21278,7
75b5347943474d76a32dfdeb544fb685,USDT,BTC-USDT,HBAR-BTC,HBAR-USDT,0.086%,0.001,0.973 USDT,BidRoute,00:00:01.946757,02/02/2021,10:32:08.335004,21294,7
dc1bd72ad7684de0957515282f20aef2,USDT,BTC-USDT,HBAR-BTC,HBAR-USDT,0.071%,0.001,0.974 USDT,BidRoute,00:00:00.859467,02/02/2021,10:32:09.585521,21303,7
8de7a3dd33be47afb5f696eafeb52ddf,USDT,BTC-USDT,HBAR-BTC,HBAR-USDT,0.076%,0.001,0.973 USDT,BidRoute,00:00:02.063843,02/02/2021,10:32:12.413807,21325,7
40b83da9ed984374a49dcfc761b3da38,USDT,BTC-USDT,HBAR-BTC,HBAR-USDT,0.066%,0.001,0.974 USDT,BidRoute,00:00:00.138515,02/02/2021,10:32:14.319469,21342,7
4176088c1680409da498bf98238088c8,USDT,BTC-USDT,HBAR-BTC,HBAR-USDT,0.058%,0.001,0.974 USDT,BidRoute,0:00:00.000000,02/02/2021,10:32:14.873825,21346,7
82b532fbfc8e4694bb9def44f7c1bd71,USDT,BTC-USDT,HBAR-BTC,HBAR-USDT,0.063%,0.001,0.974 USDT,BidRoute,00:00:02.268469,02/02/2021,10:32:17.434140,21362,7
905a304a1778467d992e27ab7820afdd,USDT,BTC-USDT,HBAR-BTC,HBAR-USDT,0.074%,0.001,0.974 USDT,BidRoute,00:00:00.477474,02/02/2021,10:32:19.718898,21382,7
466c285b2e5048c8ab6d3d63f1f13377,USDT,BTC-USDT,HBAR-BTC,HBAR-USDT,0.074%,0.001,0.974 USDT,BidRoute,00:00:00.334639,02/02/2021,10:32:20.492055,21387,7
2f18fb67bcd84cf883951ae48c75dae2,USDT,BTC-USDT,HBAR-BTC,HBAR-USDT,0.063%,0.001,0.974 USDT,BidRoute,00:00:00.644698,02/02/2021,10:32:21.543403,21394,7
5fe714c5c2c44e16a1ea7c7594570d29,USDT,BTC-USDT,HBAR-BTC,HBAR-USDT,0.063%,0.001,0.974 USDT,BidRoute,00:00:01.183044,02/02/2021,10:32:23.547348,21409,7
cc5863671bba41c685b7bd7f965f3ce7,USDT,BTC-USDT,HBAR-BTC,HBAR-USDT,0.063%,0.001,0.974 USDT,BidRoute,00:00:01.903123,02/02/2021,10:32:25.688673,21424,7
644f776907e64f49bcda3a75cdc21e37,USDT,BTC-USDT,HBAR-BTC,HBAR-USDT,0.077%,0.001,0.973 USDT,BidRoute,00:00:03.243254,02/02/2021,10:32:29.516970,21452,7
63b6d4c597434ad48241d419393ae64d,USDT,BTC-USDT,HBAR-BTC,HBAR-USDT,0.073%,0.001,0.974 USDT,BidRoute,0:00:00.000000,02/02/2021,10:32:30.881690,21465,7
6e17bb64ca7e45f9aa6e0d0738ef63de,USDT,BTC-USDT,HBAR-BTC,HBAR-USDT,0.004%,0.0,0.974 USDT,BidRoute,00:00:00.489866,02/02/2021,10:33:04.439965,21771,7
bd65b5f2452445a99caba202cc214fea,USDT,BTC-USDT,HBAR-BTC,HBAR-USDT,0.052%,0.001,0.974 USDT,BidRoute,00:00:03.393487,02/02/2021,10:33:10.359593,21815,7
b83a17a5f71248bda51842093cfd9fbc,USDT,BTC-USDT,HBAR-BTC,HBAR-USDT,0.054%,0.001,0.974 USDT,BidRoute,00:00:01.547264,02/02/2021,10:33:13.263325,21837,7
84a2b9f1ed114d18a514b1be91effc60,USDT,BTC-USDT,HBAR-BTC,HBAR-USDT,0.064%,0.001,0.974 USDT,BidRoute,00:00:03.107876,02/02/2021,10:33:17.301651,21860,7
739342f6e384410bb4e2a5e7ca63e4dc,USDT,BTC-USDT,HBAR-BTC,HBAR-USDT,0.053%,0.001,0.974 USDT,BidRoute,00:00:06.932093,02/02/2021,10:33:25.354993,21907,7
51d3253590344ebfba4f966f23e3b0b9,USDT,BTC-USDT,HBAR-BTC,HBAR-USDT,0.070%,0.001,0.974 USDT,BidRoute,00:00:00.153492,02/02/2021,10:33:26.745061,21917,7
25579983bb554f168f937bcd33fc9b0d,USDT,BTC-USDT,HBAR-BTC,HBAR-USDT,0.070%,0.001,0.974 USDT,BidRoute,00:00:05.167522,02/02/2021,10:33:32.218796,21951,7
bfb09b823f1b4571939b182efa6b4fe3,USDT,BTC-USDT,HBAR-BTC,HBAR-USDT,0.054%,0.001,0.974 USDT,BidRoute,00:00:01.106592,02/02/2021,10:33:35.270181,21974,7
4bc66f64838e432f8609e1f9973394b8,USDT,BTC-USDT,HBAR-BTC,HBAR-USDT,0.053%,0.001,0.974 USDT,BidRoute,00:00:00.701844,02/02/2021,10:33:36.362768,21981,7
03befee35dee42be863a5c7f796b0341,USDT,BTC-USDT,HBAR-BTC,HBAR-USDT,0.053%,0.001,0.974 USDT,BidRoute,00:00:00.161522,02/02/2021,10:33:37.357502,21988,7
da2e596880bc4f0185dd54fca0695aa1,USDT,BTC-USDT,HBAR-BTC,HBAR-USDT,0.019%,0.0,0.974 USDT,BidRoute,00:00:01.424717,02/02/2021,10:33:40.026120,22006,7
1197d9a7520f4f36a31570f7df43d20e,USDT,BTC-USDT,HBAR-BTC,HBAR-USDT,0.028%,0.0,0.974 USDT,BidRoute,00:00:04.269580,02/02/2021,10:33:44.586558,22032,7
cbf99eeb5bfc431c8399367859e92bd2,USDT,BTC-USDT,HBAR-BTC,HBAR-USDT,0.030%,0.0,0.974 USDT,BidRoute,00:00:01.746429,02/02/2021,10:33:50.261674,22067,7
903f54cc35ff4441ba60d9fcdc4fe49c,EUR,BTC-EUR,CRO-BTC,CRO-EUR,0.160%,0.002,1.065 EUR,BidRoute,00:00:02.688218,02/02/2021,10:33:52.872154,22079,7
db58a8e3f77f430caab5bf818ba0cdce,USDT,BTC-USDT,HBAR-BTC,HBAR-USDT,0.028%,0.0,0.974 USDT,BidRoute,00:00:02.157702,02/02/2021,10:33:53.308815,22082,7
f354fac04c334c2e94ab504e25f038c1,USDT,BTC-USDT,HBAR-BTC,HBAR-USDT,0.028%,0.0,0.974 USDT,BidRoute,00:00:00.569096,02/02/2021,10:33:54.177907,22087,7
a17d17f24f244999b2d9643f95b85d2d,USDT,BTC-USDT,HBAR-BTC,HBAR-USDT,0.021%,0.0,0.974 USDT,BidRoute,00:00:03.390143,02/02/2021,10:34:00.801851,22113,7
197b6c39af704965af90e273b12eb113,USDT,BTC-USDT,HBAR-BTC,HBAR-USDT,0.019%,0.0,0.974 USDT,BidRoute,00:00:00.304988,02/02/2021,10:34:04.199819,22135,7
0d070b93c20644158a806253939fc752,USDT,BTC-USDT,HBAR-BTC,HBAR-USDT,0.019%,0.0,0.974 USDT,BidRoute,00:00:01.343319,02/02/2021,10:34:06.870552,22153,7
912f458ce1134e60a4e7314871f67321,USDT,BTC-USDT,HBAR-BTC,HBAR-USDT,0.059%,0.001,0.974 USDT,BidRoute,00:00:02.352723,02/02/2021,10:34:09.605069,22167,7
2aa49a9e8038484a93a260705495513a,USDT,BTC-USDT,HBAR-BTC,HBAR-USDT,0.060%,0.001,0.974 USDT,BidRoute,00:00:01.320574,02/02/2021,10:34:11.356595,22177,7
1550f80582d349918d23c26914bdfa35,EUR,BTC-EUR,CRO-BTC,CRO-EUR,0.155%,0.098,62.919 EUR,BidRoute,0:00:00.000000,02/02/2021,10:34:14.566419,22198,7
5185cee04fa8407ca781254f23c3b1b3,USDT,BTC-USDT,HBAR-BTC,HBAR-USDT,0.077%,0.001,0.973 USDT,BidRoute,00:00:03.613489,02/02/2021,10:34:16.334363,22209,7
cdb68b36cc344dd38697edbb77609f03,USDT,BTC-USDT,HBAR-BTC,HBAR-USDT,0.061%,0.001,0.974 USDT,BidRoute,00:00:01.530010,02/02/2021,10:34:20.669340,22240,7
b1a3be4a8a8d42f6bd4edfb40c54f90b,USDT,BTC-USDT,HBAR-BTC,HBAR-USDT,0.044%,0.0,0.974 USDT,BidRoute,00:00:01.475937,02/02/2021,10:34:22.441927,22251,7
8ee4dbd893d346f1ace71188d7bb6dd7,USDT,BTC-USDT,HBAR-BTC,HBAR-USDT,0.044%,0.0,0.974 USDT,BidRoute,00:00:00.611058,02/02/2021,10:34:23.454477,22257,7
8552076ecb914f6da317dc1ac5fdbbcd,USDT,BTC-USDT,HBAR-BTC,HBAR-USDT,0.025%,0.0,0.974 USDT,BidRoute,00:00:02.264672,02/02/2021,10:34:26.016061,22270,7
9ca0003e0f2b4192ab1a44c018aeab70,USDT,BTC-USDT,HBAR-BTC,HBAR-USDT,0.025%,0.0,0.974 USDT,BidRoute,00:00:00.135531,02/02/2021,10:34:27.433355,22282,7
698972f57092471eba8c0da9a6d47e60,USDT,BTC-USDT,HBAR-BTC,HBAR-USDT,0.020%,0.0,0.974 USDT,BidRoute,00:00:01.823722,02/02/2021,10:34:31.049187,22307,7
dfb722ae1a0f4b92b6fab3de5b451718,USDT,BTC-USDT,HBAR-BTC,HBAR-USDT,0.013%,0.0,0.974 USDT,BidRoute,00:00:00.942763,02/02/2021,10:34:35.277916,22343,7
ad53f37e4ed24b2e8e28449f334a9183,USDT,BTC-USDT,HBAR-BTC,HBAR-USDT,0.005%,0.0,0.974 USDT,BidRoute,00:00:02.876338,02/02/2021,10:34:40.196223,22376,7
222d7389240046d7a46994c33c154888,USDT,BTC-USDT,HBAR-BTC,HBAR-USDT,0.005%,0.0,0.974 USDT,BidRoute,00:00:00.611609,02/02/2021,10:34:41.234462,22383,7
5240e725c4f04922a36aac7f89b49003,USDT,BTC-USDT,HBAR-BTC,HBAR-USDT,0.005%,0.0,0.974 USDT,BidRoute,00:00:00.528790,02/02/2021,10:34:42.271174,22390,7
f7d4fef6482f456ca64c42e6763ccfbd,USDT,BTC-USDT,HBAR-BTC,HBAR-USDT,0.015%,0.0,0.974 USDT,BidRoute,00:00:11.750613,02/02/2021,10:34:54.333372,22462,7
d0e00cf6b0f34a11b1fdbf9e4aa8aa3e,USDT,BTC-USDT,HBAR-BTC,HBAR-USDT,0.011%,0.0,0.974 USDT,BidRoute,00:00:02.023446,02/02/2021,10:34:56.620347,22476,7
01a67fea0bd44d65a9dd66e04941089d,EUR,ETH-EUR,CRO-ETH,CRO-EUR,0.585%,0.006,1.057 EUR,BidRoute,0:00:00.000000,02/02/2021,10:35:34.791270,22792,7
0fbf84d663d742b99dde6b9d1df7b415,USD,ETH-USD,CRO-ETH,CRO-USD,0.344%,0.213,61.866 USD,BidRoute,0:00:00.000000,02/02/2021,10:36:12.322571,23111,7
2caf57dfd3224d879023518e7e1b00f0,USD,ETH-USD,CRO-ETH,CRO-USD,0.170%,0.0,0.000 USD,BidRoute,0:00:00.000000,02/02/2021,10:40:22.586839,25243,7
a858fcb752944a39954ddf1f4f57b513,EUR,USDT-EUR,XRP-USDT,XRP-EUR,0.510%,0.62,121.390 EUR,BidRoute,0:00:00.000000,02/02/2021,10:42:42.387788,26490,7
f405a4ec964e40f9801cefd2349c9df5,USD,USDT-USD,ATOM-USDT,ATOM-USD,0.092%,0.0,0.272 USD,BidRoute,0:00:00.000000,02/02/2021,10:49:28.832476,29997,7
7072f0029cef4c09b53c14e9f40b56f2,USD,USDT-USD,EOS-USDT,EOS-USD,0.321%,0.264,82.195 USD,BidRoute,0:00:00.000000,02/02/2021,11:09:22.472991,931,8
a819f956cf7c416e9a58a93b524f7e1e,USD,BTC-USD,EOS-BTC,EOS-USD,0.339%,0.27899999999999997,82.181 USD,BidRoute,0:00:00.000000,02/02/2021,11:09:22.569672,931,8
c0fdc392c2494ca69c06bebb6713c026,USD,USDT-USD,EOS-USDT,EOS-USD,0.122%,0.455,374.449 USD,BidRoute,0:00:00.000000,02/02/2021,11:09:59.687028,1263,8
3c8941a07ef646aa83beadfae5bd7c31,USD,BTC-USD,EOS-BTC,EOS-USD,0.038%,0.141,374.763 USD,BidRoute,0:00:00.000000,02/02/2021,11:09:59.768754,1263,8
4722869c37b7453989b8a0ed3518ebbd,USD,BTC-USD,EOS-BTC,EOS-USD,0.085%,0.475,557.955 USD,BidRoute,0:00:00.000000,02/02/2021,11:10:00.559126,1272,8
7ce85a7f81194b6ab5253f7010ae3797,USD,USDT-USD,EOS-USDT,EOS-USD,0.118%,0.48200000000000004,408.397 USD,BidRoute,0:00:00.000000,02/02/2021,11:10:00.742503,1274,8
070d1bcd7abc4773b7151f8570c07e3c,USD,ETH-USD,EOS-ETH,EOS-USD,0.094%,0.496,530.244 USD,BidRoute,00:00:00.302935,02/02/2021,11:10:00.824223,1274,8
691917a2cff140b29c4d2f811797a747,USD,BTC-USD,EOS-BTC,EOS-USD,0.085%,0.475,557.955 USD,BidRoute,0:00:00.000000,02/02/2021,11:10:01.788180,1284,8
92df4ed00d8b4e80bfb7e7d7de5ccbb2,USD,USDT-USD,EOS-USDT,EOS-USD,0.118%,0.58,490.970 USD,BidRoute,00:00:00.276078,02/02/2021,11:10:01.976551,1286,8
47271312b02a4a23ab8ae6bdbfcb6e9d,USD,USDT-USD,EOS-USDT,EOS-USD,0.119%,0.75,629.910 USD,BidRoute,0:00:00.000000,02/02/2021,11:10:03.016071,1298,8
29e0cc9ae2354299927f39ab4b315d91,USD,ETH-USD,EOS-ETH,EOS-USD,0.064%,0.336,525.623 USD,BidRoute,00:00:00.242190,02/02/2021,11:10:03.330023,1300,8
cddfd739d35c48df924e308657ebf096,USD,BTC-USD,EOS-BTC,EOS-USD,0.082%,0.21,257.331 USD,BidRoute,0:00:00.000000,02/02/2021,11:10:27.316591,1571,8
b653fd331f90477b982034a3c827e035,EUR,USD-EUR,CRO-USD,CRO-EUR,0.259%,0.003,1.061 EUR,BidRoute,00:00:00.292187,02/02/2021,11:16:24.685181,1507,9
9c41270641b44a7ea46db8b0dc1605a2,EUR,USD-EUR,CRO-USD,CRO-EUR,0.394%,0.004,1.061 EUR,BidRoute,00:00:00.305957,02/02/2021,11:16:47.438265,1754,9
a9d853a7aa3b41dc827b647252687c34,EUR,ETH-EUR,CRO-ETH,CRO-EUR,0.056%,0.001,1.064 EUR,BidRoute,00:00:00.541228,02/02/2021,11:16:47.718366,1756,9
12f2b1babca54f219170dbc818f3b64f,EUR,ETH-EUR,CRO-ETH,CRO-EUR,0.517%,0.006,1.064 EUR,BidRoute,00:00:00.324905,02/02/2021,11:17:10.559233,2005,9
434825409d9c4df8b78e9db943654043,EUR,USD-EUR,CRO-USD,CRO-EUR,0.776%,0.007,0.910 EUR,BidRoute,00:00:00.505279,02/02/2021,11:17:10.696774,2006,9
0954ffc30ec24faa8d10afd45ef2e92d,EUR,USD-EUR,CRO-USD,CRO-EUR,0.757%,0.007,0.910 EUR,BidRoute,00:00:03.350406,02/02/2021,11:17:33.526316,2230,9
1a3f158b978c4ab8914551e3d79fc341,EUR,USD-EUR,CRO-USD,CRO-EUR,0.757%,0.007,0.910 EUR,BidRoute,00:00:08.531392,02/02/2021,11:17:44.315428,2311,9
3b695f6536be4115a732b8abe897de8a,EUR,USD-EUR,CRO-USD,CRO-EUR,0.769%,0.007,0.910 EUR,BidRoute,00:00:03.870203,02/02/2021,11:17:56.032251,2417,9
4dd49d5ec2734f9e9a46e986a29a53bb,EUR,USD-EUR,CRO-USD,CRO-EUR,1.385%,0.013,0.910 EUR,BidRoute,0:00:00.000000,02/02/2021,11:18:31.070638,2768,9
9e021c1e970544e9a6a817c19d5e16fa,EUR,ETH-EUR,CRO-ETH,CRO-EUR,0.097%,0.001,1.075 EUR,BidRoute,0:00:00.000000,02/02/2021,11:18:31.127334,2768,9
415047d353c3416ba44ac1b1d949ee39,EUR,BTC-EUR,CRO-BTC,CRO-EUR,0.282%,0.003,1.073 EUR,BidRoute,0:00:00.000000,02/02/2021,11:18:31.179150,2768,9
013601efbff04f8eaf8bac83672ec9da,BTC,ETH-BTC,CRO-ETH,CRO-BTC,0.401%,0.000,0.000 BTC,BidRoute,00:00:00.144893,02/02/2021,11:19:01.639422,3065,9
d165c614e72d431da04b78052ce06c78,EUR,USDT-EUR,CRO-USDT,CRO-EUR,0.186%,0.002,1.076 EUR,BidRoute,0:00:00.000000,02/02/2021,11:19:06.174268,3111,9
78c3b5a5baf84dbc8c5485a67fd6fd37,EUR,ETH-EUR,CRO-ETH,CRO-EUR,0.250%,0.003,1.075 EUR,BidRoute,00:00:00.306956,02/02/2021,11:19:07.692436,3123,9
b06f3a7af9874caa87eaca60608afa0b,EUR,USDT-EUR,CRO-USDT,CRO-EUR,0.184%,0.002,1.076 EUR,BidRoute,00:00:00.446794,02/02/2021,11:19:08.225971,3127,9
9cdb5352546e412c9d681cfca9c3696b,EUR,ETH-EUR,CRO-ETH,CRO-EUR,0.250%,0.003,1.075 EUR,BidRoute,00:00:01.089623,02/02/2021,11:19:10.725566,3145,9
ea6762f7546f46d5a4afcfc07563e9df,EUR,USDT-EUR,CRO-USDT,CRO-EUR,0.184%,0.002,1.076 EUR,BidRoute,00:00:00.138558,02/02/2021,11:19:14.059458,3178,9
9563c8e96943486bb7c290b5253ca6e0,EUR,USDT-EUR,CRO-USDT,CRO-EUR,0.408%,0.000,0.036 EUR,BidRoute,00:00:02.258244,02/02/2021,11:20:10.641259,3737,9
9b7bce2b11c64780a8cc0c34b2b881af,EUR,USDT-EUR,CRO-USDT,CRO-EUR,0.478%,0.005,1.079 EUR,BidRoute,00:00:05.518860,02/02/2021,11:20:18.403975,3794,9
6987196521644996b52ed60cb4d2e589,EUR,USDT-EUR,CRO-USDT,CRO-EUR,0.483%,0.005,1.079 EUR,BidRoute,00:00:02.013467,02/02/2021,11:20:25.555008,3854,9
15caa04dd30d49119a98e538fb75010b,EUR,USD-EUR,CRO-USD,CRO-EUR,1.759%,0.016,0.913 EUR,BidRoute,00:00:02.194158,02/02/2021,11:20:25.639018,3854,9
294995f61ee243afa4b132c2cda17ff1,EUR,USDT-EUR,CRO-USDT,CRO-EUR,0.485%,0.000,0.036 EUR,BidRoute,00:00:00.471759,02/02/2021,11:20:40.614926,4001,9
5d43522f074042c88eb50dfcae042b27,EUR,USD-EUR,CRO-USD,CRO-EUR,0.456%,0.000,0.036 EUR,BidRoute,00:00:00.360000,02/02/2021,11:20:48.988694,4079,9
b3e2e4a80af14d55aecc82ff2090a6f7,EUR,USD-EUR,CRO-USD,CRO-EUR,0.440%,0.000,0.036 EUR,BidRoute,00:00:00.331032,02/02/2021,11:20:49.685756,4083,9
a6f48f2b28ac46b4a75c2b6277f4e59c,EUR,USDT-EUR,CRO-USDT,CRO-EUR,0.490%,0.000,0.036 EUR,BidRoute,00:00:01.675079,02/02/2021,11:20:50.429356,4088,9
842f41e9032243ae919f194a9ca9b0b4,EUR,USD-EUR,CRO-USD,CRO-EUR,0.456%,0.000,0.036 EUR,BidRoute,00:00:00.569345,02/02/2021,11:21:00.680072,4186,9
7047c352d185414ca8a0b932b37272eb,EUR,USDT-EUR,CRO-USDT,CRO-EUR,0.493%,0.000,0.036 EUR,BidRoute,00:00:02.159776,02/02/2021,11:21:02.375091,4198,9
917aa0aec30e493281011d50e782d00d,EUR,USD-EUR,CRO-USD,CRO-EUR,0.456%,0.000,0.036 EUR,BidRoute,00:00:01.436138,02/02/2021,11:21:13.176834,4296,9
a99a7101837945818bb17632e600c411,EUR,ETH-EUR,CRO-ETH,CRO-EUR,0.572%,0.000,0.036 EUR,BidRoute,00:00:01.058717,02/02/2021,11:21:13.253582,4296,9
bd3acdbb71bf4051a5aa02841c82c29a,EUR,USDT-EUR,CRO-USDT,CRO-EUR,0.495%,0.000,0.036 EUR,BidRoute,00:00:01.771613,02/02/2021,11:21:13.441547,4297,9
2215e312cf5040a49c1625d9b084837b,EUR,USD-EUR,CRO-USD,CRO-EUR,0.456%,0.000,0.036 EUR,BidRoute,00:00:00.193338,02/02/2021,11:21:23.481564,4380,9
3f4ca8a719954968811f7fb32d46f9d4,EUR,ETH-EUR,CRO-ETH,CRO-EUR,0.803%,0.000,0.036 EUR,BidRoute,0:00:00.000000,02/02/2021,11:21:24.536446,4387,9
208499ed58254a928da32c8c170a5dc8,EUR,USDT-EUR,CRO-USDT,CRO-EUR,0.498%,0.000,0.036 EUR,BidRoute,00:00:01.743113,02/02/2021,11:21:24.611242,4388,9
098ede8f21444ee1bba1db3996384ab7,EUR,USDT-EUR,CRO-USDT,CRO-EUR,0.501%,0.158,31.454 EUR,BidRoute,0:00:00.000000,02/02/2021,11:21:34.703860,4483,9
72df3b9708b348a7b72e7e18f8ff8ca7,EUR,USD-EUR,CRO-USD,CRO-EUR,0.440%,0.139,31.473 EUR,BidRoute,0:00:00.000000,02/02/2021,11:21:34.779646,4483,9
a91b13f7efdc43f39419f012bc953649,EUR,USD-EUR,CRO-USD,CRO-EUR,0.840%,0.009,1.074 EUR,BidRoute,00:00:02.582782,02/02/2021,11:23:42.539113,5650,9
a6301c362d6443a3aa87c3a3d5311c5d,EUR,USDT-EUR,CRO-USDT,CRO-EUR,1.172%,0.012,1.019 EUR,BidRoute,00:00:02.924661,02/02/2021,11:23:42.804246,5652,9
40bfa722d02f4e32b9e89aa1f71f1764,EUR,USDT-EUR,CRO-USDT,CRO-EUR,0.495%,0.005,1.077 EUR,BidRoute,00:00:00.725572,02/02/2021,11:25:13.989322,6546,9
7952cd06763d42168121f5af35be1acd,EUR,BTC-EUR,CRO-BTC,CRO-EUR,0.757%,0.008,1.075 EUR,BidRoute,00:00:01.272791,02/02/2021,11:25:15.454123,6553,9
6157eb852ad94c30ba628bf1bf592465,EUR,USD-EUR,CRO-USD,CRO-EUR,0.901%,0.010,1.073 EUR,BidRoute,00:00:02.386730,02/02/2021,11:25:15.558786,6554,9
79a2860771474df7bee2909cbd3caf10,EUR,USD-EUR,CRO-USD,CRO-EUR,0.981%,0.011,1.072 EUR,BidRoute,00:00:00.362707,02/02/2021,11:25:47.905657,6878,9
082dba31056649488fcdb493a9c9c1ab,EUR,ETH-EUR,CRO-ETH,CRO-EUR,1.511%,0.016,1.067 EUR,BidRoute,00:00:00.194362,02/02/2021,11:25:47.956499,6878,9
64e89d29c7f345499fcf2a73bbf9995b,EUR,ETH-EUR,CRO-ETH,CRO-EUR,1.511%,0.016,1.067 EUR,BidRoute,00:00:00.720890,02/02/2021,11:25:49.909257,6890,9
7ba55e4d200b4bda8ff3de6fd66c757c,EUR,ETH-EUR,CRO-ETH,CRO-EUR,1.511%,0.016,1.067 EUR,BidRoute,00:00:02.249491,02/02/2021,11:25:53.133347,6909,9
c5f81e293add4e0991e27804b8fd7da9,EUR,BTC-EUR,CRO-BTC,CRO-EUR,0.782%,0.008,1.074 EUR,BidRoute,00:00:08.044097,02/02/2021,11:25:55.653783,6926,9
ebc06b1907d445fe909852bc34ec5e4d,EUR,BTC-EUR,CRO-BTC,CRO-EUR,0.782%,0.008,1.074 EUR,BidRoute,00:00:01.300883,02/02/2021,11:25:57.327429,6938,9
0959482dec4c496690e2fc35fc40877e,EUR,BTC-EUR,CRO-BTC,CRO-EUR,0.782%,0.008,1.074 EUR,BidRoute,00:00:00.138537,02/02/2021,11:25:57.747019,6941,9
b720acaf33064054ae22948e5ee1aa81,EUR,ETH-EUR,CRO-ETH,CRO-EUR,1.515%,0.016,1.067 EUR,BidRoute,00:00:02.998175,02/02/2021,11:26:13.714812,7087,9
252c1f418d68455eb990974d470d10e8,EUR,BTC-EUR,CRO-BTC,CRO-EUR,0.782%,0.008,1.074 EUR,BidRoute,00:00:01.177086,02/02/2021,11:27:10.897481,7655,9
1427eb96e0a945d487c5c0e2c16169e9,EUR,ETH-EUR,CRO-ETH,CRO-EUR,0.414%,0.004,1.078 EUR,BidRoute,00:00:01.185992,02/02/2021,11:27:12.327675,7665,9
e6e08ea4703146538cddbbcbab3a009b,EUR,USDT-EUR,CRO-USDT,CRO-EUR,0.531%,0.016,2.941 EUR,BidRoute,00:00:01.045693,02/02/2021,11:27:43.405119,7970,9
c08427303d0745929f2805df37dd5e41,EUR,BTC-EUR,CRO-BTC,CRO-EUR,0.260%,0.003,1.079 EUR,BidRoute,00:00:00.681730,02/02/2021,11:27:55.082500,8081,9
fce2ecd02c87422f85ce49eb37782dfc,EUR,ETH-EUR,CRO-ETH,CRO-EUR,0.220%,0.002,1.080 EUR,BidRoute,00:00:00.887267,02/02/2021,11:27:55.669858,8084,9
b729d3aa2c9c4a909df5636a881c1b21,EUR,USDT-EUR,CRO-USDT,CRO-EUR,0.603%,0.006,1.076 EUR,BidRoute,00:00:01.450581,02/02/2021,11:27:55.922123,8086,9
9a9ff6e65ca844ca8deafedf73df41c1,EUR,ETH-EUR,CRO-ETH,CRO-EUR,0.534%,0.006,1.077 EUR,BidRoute,0:00:00.000000,02/02/2021,11:29:16.996737,8886,9
a124071449c84cc1aee600344b4606cb,EUR,BTC-EUR,CRO-BTC,CRO-EUR,0.302%,0.003,1.079 EUR,BidRoute,00:00:00.190364,02/02/2021,11:29:17.057486,8886,9
81b9c1a4f7a14367a753704727a1f0eb,EUR,ETH-EUR,CRO-ETH,CRO-EUR,0.515%,0.489,95.052 EUR,BidRoute,0:00:00.000000,02/02/2021,11:30:12.287344,9437,9
b51a322134904de2abaa6307581b09ea,EUR,ETH-EUR,CRO-ETH,CRO-EUR,0.289%,0.222,76.826 EUR,BidRoute,00:00:00.230337,02/02/2021,11:34:25.485656,11590,9
96683da9a61b48848bf4b91956a6d309,EUR,USDT-EUR,CRO-USDT,CRO-EUR,0.674%,0.516,76.532 EUR,BidRoute,00:00:00.197312,02/02/2021,11:34:25.570413,11591,9
